song_title,artist,rank,chart_date
All I Want For Christmas Is You,Mariah Carey,1,2026-01-03
Rockin' Around The Christmas Tree,Brenda Lee,2,2026-01-03
Jingle Bell Rock,Bobby Helms,3,2026-01-03
Last Christmas,Wham!,4,2026-01-03
Santa Tell Me,Ariana Grande,5,2026-01-03
The Christmas Song (Merry Christmas To You),"Nat ""King"" Cole",6,2026-01-03
Let It Snow! Let It Snow! Let It Snow!,Dean Martin,7,2026-01-03
Underneath The Tree,Kelly Clarkson,8,2026-01-03
It's The Most Wonderful Time Of The Year,Andy Williams,9,2026-01-03
Sleigh Ride,The Ronettes,10,2026-01-03
Feliz Navidad,Jose Feliciano,11,2026-01-03
A Holly Jolly Christmas,Burl Ives,12,2026-01-03
It's Beginning To Look A Lot Like Christmas,Michael Buble,13,2026-01-03
Christmas (Baby Please Come Home),Darlene Love,14,2026-01-03
Run Rudolph Run,Chuck Berry,15,2026-01-03
White Christmas (1947),Bing Crosby With Ken Darby Singers & John Scott Trotter & His Orchestra,16,2026-01-03
Jingle Bells,Frank Sinatra With The Orchestra & Chorus Of Gordon Jenkins,17,2026-01-03
It's Beginning To Look A Lot Like Christmas,Perry Como And The Fontane Sisters With Mitchell Ayres And His Orchestra,18,2026-01-03
Santa Baby,Eartha Kitt With Henri Rene And His Orchestra,19,2026-01-03
Deck The Halls,Nat King Cole,20,2026-01-03
Blue Christmas,Elvis Presley,21,2026-01-03
Here Comes Santa Claus (Right Down Santa Claus Lane),Gene Autry,22,2026-01-03
Christmastime Is Here,Vince Guaraldi Trio,23,2026-01-03
Please Come Home For Christmas,Eagles,24,2026-01-03
Golden,"HUNTR/X: EJAE, Audrey Nuna & REI AMI",25,2026-01-03
Wonderful Christmastime,Paul McCartney,26,2026-01-03
Like It's Christmas,Jonas Brothers,27,2026-01-03
The Fate Of Ophelia,Taylor Swift,28,2026-01-03
Mistletoe,Justin Bieber,29,2026-01-03
Rudolph The Red-Nosed Reindeer,Gene Autry & The Pinafores,30,2026-01-03
"Santa, Can't You Hear Me",Kelly Clarkson & Ariana Grande,31,2026-01-03
Little Saint Nick,The Beach Boys,32,2026-01-03
Holly Jolly Christmas,Michael Buble,33,2026-01-03
"You're A Mean One, Mr. Grinch",Thurl Ravenscroft,34,2026-01-03
Baby It's Cold Outside,Dean Martin,35,2026-01-03
Man I Need,Olivia Dean,36,2026-01-03
Merry Christmas,Ed Sheeran & Elton John,37,2026-01-03
(There's No Place Like) Home For The Holidays (1959),Perry Como With Mitchell Ayers And His Orchestra,38,2026-01-03
This Christmas,Donny Hathaway,39,2026-01-03
Winter Wonderland,Darlene Love,40,2026-01-03
Snowman,Sia,41,2026-01-03
Happy Holiday / The Holiday Season,Andy Williams,42,2026-01-03
Santa Claus Is Comin' To Town,Jackson 5,43,2026-01-03
I Saw Mommy Kissing Santa Claus,Jackson 5,44,2026-01-03
Happy Xmas (War Is Over),John & Yoko/The Plastic Ono Band With The Harlem Community Choir,45,2026-01-03
You Make It Feel Like Christmas,Gwen Stefani Featuring Blake Shelton,46,2026-01-03
Linus And Lucy (Peanuts Theme),Vince Guaraldi Trio,47,2026-01-03
Choosin' Texas,Ella Langley,48,2026-01-03
Mele Kalikimaka (Merry Christmas),Bing Crosby & The Andrews Sisters,49,2026-01-03
I'll Be Home For Christmas,Bing Crosby With John Scott Trotter And His Orchestra,50,2026-01-03
Folded,Kehlani,51,2026-01-03
Back To Friends,sombr,52,2026-01-03
FDO,Pooh Shiesty,53,2026-01-03
Opalite,Taylor Swift,54,2026-01-03
Shake The Snow Globe,Gwen Stefani,55,2026-01-03
Where Is My Husband!,RAYE,56,2026-01-03
So Easy (To Fall In Love),Olivia Dean,57,2026-01-03
Tit For Tat,Tate McRae,58,2026-01-03
wgft,Gunna Featuring Burna Boy,59,2026-01-03
20 Cigarettes,Morgan Wallen,60,2026-01-03
Is It A Crime,Mariah The Scientist & Kali Uchis,61,2026-01-03
Don't Mind If I Do,Riley Green Featuring Ella Langley,62,2026-01-03
Gabriela,KATSEYE,63,2026-01-03
4 Raws,EsDeeKid,64,2026-01-03
Yukon,Justin Bieber,65,2026-01-03
Hell At Night,BigXthaPlug Featuring Ella Langley,66,2026-01-03
Mr Recoup,21 Savage & Drake,67,2026-01-03
A Couple Minutes,Olivia Dean,68,2026-01-03
Happen To Me,Russell Dickerson,69,2026-01-03
House Again,Hudson Westbrook,70,2026-01-03
Tears,Sabrina Carpenter,71,2026-01-03
I Thought I Saw Your Face Today,She & Him,72,2026-01-03
6 Months Later,Megan Moroney,73,2026-01-03
Better Me For You (Brown Eyes),Max McNown,74,2026-01-03
Shot Callin,YoungBoy Never Broke Again,75,2026-01-03
The Fall,Cody Johnson,76,2026-01-03
Take Me Thru Dere,"Metro Boomin, Quavo, Breskii & YKNIECE",77,2026-01-03
ErrTime,Cardi B,78,2026-01-03
Amen,Shaboozey & Jelly Roll,79,2026-01-03
Favorite Country Song,HARDY,80,2026-01-03
Phantom,EsDeeKid & Rico Ace,81,2026-01-03
Chanel,Tyla,82,2026-01-03
12 To 12,sombr,83,2026-01-03
Dracula,Tame Impala & JENNIE,84,2026-01-03
Camera,Ed Sheeran,85,2026-01-03
How Far Does A Goodbye Go,Jason Aldean,86,2026-01-03
Days Like These,Luke Combs,87,2026-01-03
The Christmas Song,Olivia Dean,88,2026-01-03
Last One To Know,Gavin Adcock,89,2026-01-03
Cowgirl,Parmalee,90,2026-01-03
Eternity,Alex Warren,91,2026-01-03
Gone Gone Gone,"David Guetta, Teddy Swims & Tones And I",92,2026-01-03
Elizabeth Taylor,Taylor Swift,93,2026-01-03
It Feels Like Christmas,Fall Out Boy,94,2026-01-03
I Ain't Coming Back,Morgan Wallen Featuring Post Malone,95,2026-01-03
3am,Loe Shimmy & Don Toliver,96,2026-01-03
Travelin' Soldier,Cody Johnson,97,2026-01-03
Sugar On My Tongue,"Tyler, The Creator",98,2026-01-03
Turn The Lights Off,KATO Featuring Jon,99,2026-01-03
Die On This Hill,Sienna Spiro,100,2026-01-03
The Fate Of Ophelia,Taylor Swift,1,2026-01-10
Golden,"HUNTR/X: EJAE, Audrey Nuna & REI AMI",2,2026-01-10
Ordinary,Alex Warren,3,2026-01-10
Man I Need,Olivia Dean,4,2026-01-10
Choosin' Texas,Ella Langley,5,2026-01-10
Folded,Kehlani,6,2026-01-10
Back To Friends,sombr,7,2026-01-10
Opalite,Taylor Swift,8,2026-01-10
Mutt,Leon Thomas,9,2026-01-10
Daisies,Justin Bieber,10,2026-01-10
I Got Better,Morgan Wallen,11,2026-01-10
FDO,Pooh Shiesty,12,2026-01-10
Where Is My Husband!,RAYE,13,2026-01-10
So Easy (To Fall In Love),Olivia Dean,14,2026-01-10
20 Cigarettes,Morgan Wallen,15,2026-01-10
End Of Beginning,Djo,16,2026-01-10
It Depends,Chris Brown Featuring Bryson Tiller,17,2026-01-10
Manchild,Sabrina Carpenter,18,2026-01-10
What I Want,Morgan Wallen Featuring Tate McRae,19,2026-01-10
Tit For Tat,Tate McRae,20,2026-01-10
What You Saying,Lil Uzi Vert,21,2026-01-10
Gabriela,KATSEYE,22,2026-01-10
Don't Mind If I Do,Riley Green Featuring Ella Langley,23,2026-01-10
Love Me Not,Ravyn Lenae,24,2026-01-10
wgft,Gunna Featuring Burna Boy,25,2026-01-10
Nice To Meet You,Myles Smith,26,2026-01-10
Is It A Crime,Mariah The Scientist & Kali Uchis,27,2026-01-10
Hell At Night,BigXthaPlug Featuring Ella Langley,28,2026-01-10
Happen To Me,Russell Dickerson,29,2026-01-10
Yukon,Justin Bieber,30,2026-01-10
6 Months Later,Megan Moroney,31,2026-01-10
Better Me For You (Brown Eyes),Max McNown,32,2026-01-10
House Again,Hudson Westbrook,33,2026-01-10
The Fall,Cody Johnson,34,2026-01-10
Soda Pop,"Saja Boys: Andrew Choi, Neckwav, Danny Chung, Kevin Woo & samUIL Lee",35,2026-01-10
A Couple Minutes,Olivia Dean,36,2026-01-10
Tears,Sabrina Carpenter,37,2026-01-10
4 Raws,EsDeeKid,38,2026-01-10
Amen,Shaboozey & Jelly Roll,39,2026-01-10
No Broke Boys,Disco Lines & Tinashe,40,2026-01-10
Your Idol,"Saja Boys: Andrew Choi, Neckwav, Danny Chung, Kevin Woo & samUIL Lee",41,2026-01-10
Favorite Country Song,HARDY,42,2026-01-10
I Thought I Saw Your Face Today,She & Him,43,2026-01-10
12 To 12,sombr,44,2026-01-10
How It's Done,"HUNTR/X: EJAE, Audrey Nuna & REI AMI",45,2026-01-10
Days Like These,Luke Combs,46,2026-01-10
Last One To Know,Gavin Adcock,47,2026-01-10
Shot Callin,YoungBoy Never Broke Again,48,2026-01-10
How Far Does A Goodbye Go,Jason Aldean,49,2026-01-10
Cowgirl,Parmalee,50,2026-01-10
Take Me Thru Dere,"Metro Boomin, Quavo, Breskii & YKNIECE",51,2026-01-10
Dopamina,Peso Pluma & Tito Double P,52,2026-01-10
Chanel,Tyla,53,2026-01-10
ErrTime,Cardi B,54,2026-01-10
Travelin' Soldier,Cody Johnson,55,2026-01-10
Eternity,Alex Warren,56,2026-01-10
Gone Gone Gone,"David Guetta, Teddy Swims & Tones And I",57,2026-01-10
Camera,Ed Sheeran,58,2026-01-10
Elizabeth Taylor,Taylor Swift,59,2026-01-10
I Ain't Coming Back,Morgan Wallen Featuring Post Malone,60,2026-01-10
Mr Recoup,21 Savage & Drake,61,2026-01-10
Dracula,Tame Impala & JENNIE,62,2026-01-10
Such A Funny Way,Sabrina Carpenter,63,2026-01-10
Beautiful Things,Megan Moroney,64,2026-01-10
Stay Country Or Die Tryin',Blake Shelton,65,2026-01-10
When Did You Get Hot?,Sabrina Carpenter,66,2026-01-10
Phantom,EsDeeKid & Rico Ace,67,2026-01-10
Darlin',Chase Matthew,68,2026-01-10
Die On This Hill,Sienna Spiro,69,2026-01-10
Sugar On My Tongue,"Tyler, The Creator",70,2026-01-10
3am,Loe Shimmy & Don Toliver,71,2026-01-10
Father Figure,Taylor Swift,72,2026-01-10
Wi$h Li$t,Taylor Swift,73,2026-01-10
Nice To Each Other,Olivia Dean,74,2026-01-10
Dano,Peso Pluma & Tito Double P,75,2026-01-10
Ni Pedo,Peso Pluma & Tito Double P,76,2026-01-10
Zoo,Shakira,77,2026-01-10
Let Alone The One You Love,Olivia Dean,78,2026-01-10
Bckpckbyz,Peso Pluma & Tito Double P,79,2026-01-10
It Won't Be Long,George Birge,80,2026-01-10
Bloodline,Alex Warren With Jelly Roll,81,2026-01-10
Gnarly,KATSEYE,82,2026-01-10
Brunette,Tucker Wetmore,83,2026-01-10
Heart Of Stone,Jelly Roll,84,2026-01-10
The Life Of A Showgirl,Taylor Swift Featuring Sabrina Carpenter,85,2026-01-10
Leviticus,$uicideboy$,86,2026-01-10
Sienna,The Marias,87,2026-01-10
What You Is,YoungBoy Never Broke Again & Mellow Rackz,88,2026-01-10
Who Knows,Daniel Caesar,89,2026-01-10
Amor,Emmanuel Cortes,90,2026-01-10
BOO,H3adband,91,2026-01-10
Safe,Cardi B Featuring Kehlani,92,2026-01-10
Turn The Lights Off,KATO Featuring Jon,93,2026-01-10
Fear,NF,94,2026-01-10
Ends Of The Earth,Ty Myers,95,2026-01-10
What An Awesome God,Phil Wickham,96,2026-01-10
Nobody's Girl,Tate McRae,97,2026-01-10
Bittersweet,Madison Beer,98,2026-01-10
Baby Steps,Olivia Dean,99,2026-01-10
Voy A Llevarte Pa PR,Bad Bunny,100,2026-01-10
The Fate Of Ophelia,Taylor Swift,1,2026-01-17
Ordinary,Alex Warren,2,2026-01-17
Golden,"HUNTR/X: EJAE, Audrey Nuna & REI AMI",3,2026-01-17
Man I Need,Olivia Dean,4,2026-01-17
Choosin' Texas,Ella Langley,5,2026-01-17
End Of Beginning,Djo,6,2026-01-17
Folded,Kehlani,7,2026-01-17
Back To Friends,sombr,8,2026-01-17
Opalite,Taylor Swift,9,2026-01-17
Mutt,Leon Thomas,10,2026-01-17
Daisies,Justin Bieber,11,2026-01-17
I Got Better,Morgan Wallen,12,2026-01-17
Where Is My Husband!,RAYE,13,2026-01-17
What You Saying,Lil Uzi Vert,14,2026-01-17
So Easy (To Fall In Love),Olivia Dean,15,2026-01-17
20 Cigarettes,Morgan Wallen,16,2026-01-17
FDO,Pooh Shiesty,17,2026-01-17
It Depends,Chris Brown Featuring Bryson Tiller,18,2026-01-17
What I Want,Morgan Wallen Featuring Tate McRae,19,2026-01-17
Tit For Tat,Tate McRae,20,2026-01-17
Gabriela,KATSEYE,21,2026-01-17
Manchild,Sabrina Carpenter,22,2026-01-17
Love Me Not,Ravyn Lenae,23,2026-01-17
Don't Mind If I Do,Riley Green Featuring Ella Langley,24,2026-01-17
wgft,Gunna Featuring Burna Boy,25,2026-01-17
Hell At Night,BigXthaPlug Featuring Ella Langley,26,2026-01-17
Purple Rain,Prince And The Revolution,27,2026-01-17
A Couple Minutes,Olivia Dean,28,2026-01-17
Internet Girl,KATSEYE,29,2026-01-17
Is It A Crime,Mariah The Scientist & Kali Uchis,30,2026-01-17
Nice To Meet You,Myles Smith,31,2026-01-17
Happen To Me,Russell Dickerson,32,2026-01-17
Yukon,Justin Bieber,33,2026-01-17
6 Months Later,Megan Moroney,34,2026-01-17
The Fall,Cody Johnson,35,2026-01-17
4 Raws,EsDeeKid,36,2026-01-17
Better Me For You (Brown Eyes),Max McNown,37,2026-01-17
House Again,Hudson Westbrook,38,2026-01-17
Soda Pop,"Saja Boys: Andrew Choi, Neckwav, Danny Chung, Kevin Woo & samUIL Lee",39,2026-01-17
I Thought I Saw Your Face Today,She & Him,40,2026-01-17
Landslide,Fleetwood Mac,41,2026-01-17
Amen,Shaboozey & Jelly Roll,42,2026-01-17
12 To 12,sombr,43,2026-01-17
Days Like These,Luke Combs,44,2026-01-17
Last One To Know,Gavin Adcock,45,2026-01-17
Running Up That Hill (A Deal With God),Kate Bush,46,2026-01-17
No Broke Boys,Disco Lines & Tinashe,47,2026-01-17
Travelin' Soldier,Cody Johnson,48,2026-01-17
Your Idol,"Saja Boys: Andrew Choi, Neckwav, Danny Chung, Kevin Woo & samUIL Lee",49,2026-01-17
How It's Done,"HUNTR/X: EJAE, Audrey Nuna & REI AMI",50,2026-01-17
Favorite Country Song,HARDY,51,2026-01-17
How Far Does A Goodbye Go,Jason Aldean,52,2026-01-17
Tears,Sabrina Carpenter,53,2026-01-17
Die On This Hill,Sienna Spiro,54,2026-01-17
Chanel,Tyla,55,2026-01-17
Gone Gone Gone,"David Guetta, Teddy Swims & Tones And I",56,2026-01-17
"Girl, Get Up.",Doechii & SZA,57,2026-01-17
Shot Callin,YoungBoy Never Broke Again,58,2026-01-17
ErrTime,Cardi B,59,2026-01-17
Beautiful Things,Megan Moroney,60,2026-01-17
I Ain't Coming Back,Morgan Wallen Featuring Post Malone,61,2026-01-17
Elizabeth Taylor,Taylor Swift,62,2026-01-17
Stay Country Or Die Tryin',Blake Shelton,63,2026-01-17
When Did You Get Hot?,Sabrina Carpenter,64,2026-01-17
Take Me Thru Dere,"Metro Boomin, Quavo, Breskii & YKNIECE",65,2026-01-17
Dracula,Tame Impala & JENNIE,66,2026-01-17
Camera,Ed Sheeran,67,2026-01-17
Cowgirl,Parmalee,68,2026-01-17
Nice To Each Other,Olivia Dean,69,2026-01-17
Lush Life,Zara Larsson,70,2026-01-17
Let Alone The One You Love,Olivia Dean,71,2026-01-17
Phantom,EsDeeKid & Rico Ace,72,2026-01-17
Mr Recoup,21 Savage & Drake,73,2026-01-17
Eternity,Alex Warren,74,2026-01-17
Brunette,Tucker Wetmore,75,2026-01-17
Father Figure,Taylor Swift,76,2026-01-17
Zoo,Shakira,77,2026-01-17
Dopamina,Peso Pluma & Tito Double P,78,2026-01-17
Wi$h Li$t,Taylor Swift,79,2026-01-17
Darlin',Chase Matthew,80,2026-01-17
You Stole The Show,Sienna Spiro,81,2026-01-17
3am,Loe Shimmy & Don Toliver,82,2026-01-17
Bloodline,Alex Warren With Jelly Roll,83,2026-01-17
Sugar On My Tongue,"Tyler, The Creator",84,2026-01-17
Who Knows,Daniel Caesar,85,2026-01-17
What An Awesome God,Phil Wickham,86,2026-01-17
Sienna,The Marias,87,2026-01-17
Dano,Peso Pluma & Tito Double P,88,2026-01-17
Gnarly,KATSEYE,89,2026-01-17
BOO,H3adband,90,2026-01-17
Baby Steps,Olivia Dean,91,2026-01-17
It Won't Be Long,George Birge,92,2026-01-17
The Life Of A Showgirl,Taylor Swift Featuring Sabrina Carpenter,93,2026-01-17
Fame Is A Gun,Addison Rae,94,2026-01-17
Amor,Emmanuel Cortes,95,2026-01-17
Don't Kill The Party,Ty Dolla $ign Featuring Quavo & Juicy J,96,2026-01-17
Heart Of Stone,Jelly Roll,97,2026-01-17
Dusty Bibles,Josiah Queen,98,2026-01-17
I've Seen It,Olivia Dean,99,2026-01-17
Stateside,PinkPantheress With Zara Larsson,100,2026-01-17
I Just Might,Bruno Mars,1,2026-01-24
The Fate Of Ophelia,Taylor Swift,2,2026-01-24
Golden,"HUNTR/X: EJAE, Audrey Nuna & REI AMI",3,2026-01-24
Man I Need,Olivia Dean,4,2026-01-24
Ordinary,Alex Warren,5,2026-01-24
Choosin' Texas,Ella Langley,6,2026-01-24
End Of Beginning,Djo,7,2026-01-24
Back To Friends,sombr,8,2026-01-24
Folded,Kehlani,9,2026-01-24
Opalite,Taylor Swift,10,2026-01-24
Mutt,Leon Thomas,11,2026-01-24
What You Saying,Lil Uzi Vert,12,2026-01-24
Plastic Cigarette,Zach Bryan,13,2026-01-24
I Got Better,Morgan Wallen,14,2026-01-24
Daisies,Justin Bieber,15,2026-01-24
So Easy (To Fall In Love),Olivia Dean,16,2026-01-24
Sleepless In A Hotel Room,Luke Combs,17,2026-01-24
Where Is My Husband!,RAYE,18,2026-01-24
20 Cigarettes,Morgan Wallen,19,2026-01-24
FDO,Pooh Shiesty,20,2026-01-24
Die On This Hill,Sienna Spiro,21,2026-01-24
It Depends,Chris Brown Featuring Bryson Tiller,22,2026-01-24
Tit For Tat,Tate McRae,23,2026-01-24
Gabriela,KATSEYE,24,2026-01-24
Say Why,Zach Bryan,25,2026-01-24
A Couple Minutes,Olivia Dean,26,2026-01-24
wgft,Gunna Featuring Burna Boy,27,2026-01-24
4 Raws,EsDeeKid,28,2026-01-24
6 Months Later,Megan Moroney,29,2026-01-24
Purple Rain,Prince And The Revolution,30,2026-01-24
Hell At Night,BigXthaPlug Featuring Ella Langley,31,2026-01-24
Nice To Meet You,Myles Smith,32,2026-01-24
Yukon,Justin Bieber,33,2026-01-24
Is It A Crime,Mariah The Scientist & Kali Uchis,34,2026-01-24
Bad News,Zach Bryan,35,2026-01-24
Better Me For You (Brown Eyes),Max McNown,36,2026-01-24
Happen To Me,Russell Dickerson,37,2026-01-24
Appetite,Zach Bryan,38,2026-01-24
The Fall,Cody Johnson,39,2026-01-24
Don't Mind If I Do,Riley Green Featuring Ella Langley,40,2026-01-24
House Again,Hudson Westbrook,41,2026-01-24
I Thought I Saw Your Face Today,She & Him,42,2026-01-24
No Broke Boys,Disco Lines & Tinashe,43,2026-01-24
Soda Pop,"Saja Boys: Andrew Choi, Neckwav, Danny Chung, Kevin Woo & samUIL Lee",44,2026-01-24
Amen,Shaboozey & Jelly Roll,45,2026-01-24
Runny Eggs,Zach Bryan,46,2026-01-24
Chanel,Tyla,47,2026-01-24
Lush Life,Zara Larsson,48,2026-01-24
Days Like These,Luke Combs,49,2026-01-24
How Far Does A Goodbye Go,Jason Aldean,50,2026-01-24
Skin,Zach Bryan,51,2026-01-24
Favorite Country Song,HARDY,52,2026-01-24
Travelin' Soldier,Cody Johnson,53,2026-01-24
12 To 12,sombr,54,2026-01-24
How It's Done,"HUNTR/X: EJAE, Audrey Nuna & REI AMI",55,2026-01-24
Deann's Denim,Zach Bryan,56,2026-01-24
Drowning,Zach Bryan,57,2026-01-24
Dry Deserts,Zach Bryan,58,2026-01-24
Internet Girl,KATSEYE,59,2026-01-24
ErrTime,Cardi B,60,2026-01-24
Santa Fe,Zach Bryan,61,2026-01-24
When Did You Get Hot?,Sabrina Carpenter,62,2026-01-24
You Stole The Show,Sienna Spiro,63,2026-01-24
Punk Rocky,A$AP Rocky,64,2026-01-24
Gone Gone Gone,"David Guetta, Teddy Swims & Tones And I",65,2026-01-24
Shot Callin,YoungBoy Never Broke Again,66,2026-01-24
I Ain't Coming Back,Morgan Wallen Featuring Post Malone,67,2026-01-24
With Heaven On Top,Zach Bryan,68,2026-01-24
South And Pine,Zach Bryan,69,2026-01-24
Beautiful Things,Megan Moroney,70,2026-01-24
Cannonball,Zach Bryan,71,2026-01-24
Slicked Back,Zach Bryan,72,2026-01-24
Anyways,Zach Bryan,73,2026-01-24
Tears,Sabrina Carpenter,74,2026-01-24
Dracula,Tame Impala & JENNIE,75,2026-01-24
Take Me Thru Dere,"Metro Boomin, Quavo, Breskii & YKNIECE",76,2026-01-24
Rather Be,The Kid Laroi Featuring Lithe,77,2026-01-24
Elizabeth Taylor,Taylor Swift,78,2026-01-24
Who Knows,Daniel Caesar,79,2026-01-24
Zoo,Shakira,80,2026-01-24
Nice To Each Other,Olivia Dean,81,2026-01-24
Eternity,Alex Warren,82,2026-01-24
Stateside,PinkPantheress With Zara Larsson,83,2026-01-24
Let Alone The One You Love,Olivia Dean,84,2026-01-24
Brunette,Tucker Wetmore,85,2026-01-24
Stay Country Or Die Tryin',Blake Shelton,86,2026-01-24
If They Come Lookin',Zach Bryan,87,2026-01-24
Phantom,EsDeeKid & Rico Ace,88,2026-01-24
Rivers And Creeks,Zach Bryan,89,2026-01-24
Camera,Ed Sheeran,90,2026-01-24
"Girl, Get Up.",Doechii & SZA,91,2026-01-24
Bloodline,Alex Warren With Jelly Roll,92,2026-01-24
BOO,H3adband,93,2026-01-24
Mr Recoup,21 Savage & Drake,94,2026-01-24
You Can Still Come Home,Zach Bryan,95,2026-01-24
What An Awesome God,Phil Wickham,96,2026-01-24
3am,Loe Shimmy & Don Toliver,97,2026-01-24
Father Figure,Taylor Swift,98,2026-01-24
Darlin',Chase Matthew,99,2026-01-24
Big Guy,Ice Spice,100,2026-01-24
I Just Might,Bruno Mars,1,2026-01-31
Man I Need,Olivia Dean,2,2026-01-31
The Fate Of Ophelia,Taylor Swift,3,2026-01-31
Golden,"HUNTR/X: EJAE, Audrey Nuna & REI AMI",4,2026-01-31
Ordinary,Alex Warren,5,2026-01-31
Choosin' Texas,Ella Langley,6,2026-01-31
Back To Friends,sombr,7,2026-01-31
Folded,Kehlani,8,2026-01-31
End Of Beginning,Djo,9,2026-01-31
Opalite,Taylor Swift,10,2026-01-31
Mutt,Leon Thomas,11,2026-01-31
What You Saying,Lil Uzi Vert,12,2026-01-31
Where Is My Husband!,RAYE,13,2026-01-31
I Got Better,Morgan Wallen,14,2026-01-31
Daisies,Justin Bieber,15,2026-01-31
wgft,Gunna Featuring Burna Boy,16,2026-01-31
So Easy (To Fall In Love),Olivia Dean,17,2026-01-31
20 Cigarettes,Morgan Wallen,18,2026-01-31
Plastic Cigarette,Zach Bryan,19,2026-01-31
Die On This Hill,Sienna Spiro,20,2026-01-31
Sleepless In A Hotel Room,Luke Combs,21,2026-01-31
It Depends,Chris Brown Featuring Bryson Tiller,22,2026-01-31
Stay Here 4 Life,A$AP Rocky Featuring Brent Faiyaz,23,2026-01-31
Helicopter,A$AP Rocky,24,2026-01-31
Tit For Tat,Tate McRae,25,2026-01-31
Nice To Meet You,Myles Smith,26,2026-01-31
Gabriela,KATSEYE,27,2026-01-31
Hell At Night,BigXthaPlug Featuring Ella Langley,28,2026-01-31
Better Me For You (Brown Eyes),Max McNown,29,2026-01-31
A Couple Minutes,Olivia Dean,30,2026-01-31
Yukon,Justin Bieber,31,2026-01-31
4 Raws,EsDeeKid,32,2026-01-31
Stole Ya Flow,A$AP Rocky,33,2026-01-31
Happen To Me,Russell Dickerson,34,2026-01-31
Amen,Shaboozey & Jelly Roll,35,2026-01-31
The Fall,Cody Johnson,36,2026-01-31
Trap Queen,Fetty Wap,37,2026-01-31
Purple Rain,Prince And The Revolution,38,2026-01-31
Stateside,PinkPantheress With Zara Larsson,39,2026-01-31
Lush Life,Zara Larsson,40,2026-01-31
FDO,Pooh Shiesty,41,2026-01-31
House Again,Hudson Westbrook,42,2026-01-31
Is It A Crime,Mariah The Scientist & Kali Uchis,43,2026-01-31
Say Why,Zach Bryan,44,2026-01-31
Favorite Country Song,HARDY,45,2026-01-31
How Far Does A Goodbye Go,Jason Aldean,46,2026-01-31
I Thought I Saw Your Face Today,She & Him,47,2026-01-31
Days Like These,Luke Combs,48,2026-01-31
12 To 12,sombr,49,2026-01-31
No Broke Boys,Disco Lines & Tinashe,50,2026-01-31
Wish I Didn't,Megan Moroney,51,2026-01-31
Chanel,Tyla,52,2026-01-31
Travelin' Soldier,Cody Johnson,53,2026-01-31
Order Of Protection,A$AP Rocky,54,2026-01-31
Beautiful Things,Megan Moroney,55,2026-01-31
Punk Rocky,A$AP Rocky,56,2026-01-31
When Did You Get Hot?,Sabrina Carpenter,57,2026-01-31
Gone Gone Gone,"David Guetta, Teddy Swims & Tones And I",58,2026-01-31
Playa,A$AP Rocky,59,2026-01-31
I Ain't Coming Back,Morgan Wallen Featuring Post Malone,60,2026-01-31
ErrTime,Cardi B,61,2026-01-31
Stop Snitching,A$AP Rocky Featuring BossMan Dlow & Sauce Walka,62,2026-01-31
Bruce Wayne,YoungBoy Never Broke Again,63,2026-01-31
You Stole The Show,Sienna Spiro,64,2026-01-31
No Trespassing,A$AP Rocky,65,2026-01-31
How It's Done,"HUNTR/X: EJAE, Audrey Nuna & REI AMI",66,2026-01-31
Who Knows,Daniel Caesar,67,2026-01-31
Bittersweet,Madison Beer,68,2026-01-31
Brunette,Tucker Wetmore,69,2026-01-31
Dracula,Tame Impala & JENNIE,70,2026-01-31
Shot Callin,YoungBoy Never Broke Again,71,2026-01-31
Bloodline,Alex Warren With Jelly Roll,72,2026-01-31
Don't Be Dumb / Trip Baby,A$AP Rocky,73,2026-01-31
Bad News,Zach Bryan,74,2026-01-31
Elizabeth Taylor,Taylor Swift,75,2026-01-31
Take Me Thru Dere,"Metro Boomin, Quavo, Breskii & YKNIECE",76,2026-01-31
Nice To Each Other,Olivia Dean,77,2026-01-31
Let Alone The One You Love,Olivia Dean,78,2026-01-31
It Won't Be Long,George Birge,79,2026-01-31
Headtap,YoungBoy Never Broke Again,80,2026-01-31
Air Force (Black Demarco),A$AP Rocky,81,2026-01-31
Midnight Sun,Zara Larsson,82,2026-01-31
Another Episode,YoungBoy Never Broke Again,83,2026-01-31
Appetite,Zach Bryan,84,2026-01-31
Internet Girl,KATSEYE,85,2026-01-31
Darlin',Chase Matthew,86,2026-01-31
Phantom,EsDeeKid & Rico Ace,87,2026-01-31
Whiskey (Release Me),A$AP Rocky Featuring Gorillaz & Westside Gunn,88,2026-01-31
Don't Kill The Party,Ty Dolla $ign Featuring Quavo & Juicy J,89,2026-01-31
Anti-Social,YoungBoy Never Broke Again,90,2026-01-31
Damn I Love Miami,Pitbull X Lil Jon,91,2026-01-31
Fame Is A Gun,Addison Rae,92,2026-01-31
Mrs. Trendsetter,Lil Baby,93,2026-01-31
Voy A Llevarte Pa PR,Bad Bunny,94,2026-01-31
Zoo,Shakira,95,2026-01-31
What An Awesome God,Phil Wickham,96,2026-01-31
"Lover, You Should've Come Over",Jeff Buckley,97,2026-01-31
"Girl, Get Up.",Doechii & SZA,98,2026-01-31
Father Figure,Taylor Swift,99,2026-01-31
Sienna,The Marias,100,2026-01-31
Aperture,Harry Styles,1,2026-02-07
Choosin' Texas,Ella Langley,2,2026-02-07
Man I Need,Olivia Dean,3,2026-02-07
Golden,"HUNTR/X: EJAE, Audrey Nuna & REI AMI",4,2026-02-07
The Fate Of Ophelia,Taylor Swift,5,2026-02-07
I Just Might,Bruno Mars,6,2026-02-07
Ordinary,Alex Warren,7,2026-02-07
Back To Friends,sombr,8,2026-02-07
Folded,Kehlani,9,2026-02-07
Opalite,Taylor Swift,10,2026-02-07
End Of Beginning,Djo,11,2026-02-07
Mutt,Leon Thomas,12,2026-02-07
Where Is My Husband!,RAYE,13,2026-02-07
What You Saying,Lil Uzi Vert,14,2026-02-07
I Got Better,Morgan Wallen,15,2026-02-07
So Easy (To Fall In Love),Olivia Dean,16,2026-02-07
20 Cigarettes,Morgan Wallen,17,2026-02-07
Daisies,Justin Bieber,18,2026-02-07
Die On This Hill,Sienna Spiro,19,2026-02-07
wgft,Gunna Featuring Burna Boy,20,2026-02-07
Sleepless In A Hotel Room,Luke Combs,21,2026-02-07
Plastic Cigarette,Zach Bryan,22,2026-02-07
Tit For Tat,Tate McRae,23,2026-02-07
It Depends,Chris Brown Featuring Bryson Tiller,24,2026-02-07
Nice To Meet You,Myles Smith,25,2026-02-07
Better Me For You (Brown Eyes),Max McNown,26,2026-02-07
Amen,Shaboozey & Jelly Roll,27,2026-02-07
Hell At Night,BigXthaPlug Featuring Ella Langley,28,2026-02-07
Gabriela,KATSEYE,29,2026-02-07
Stateside,PinkPantheress With Zara Larsson,30,2026-02-07
Yukon,Justin Bieber,31,2026-02-07
A Couple Minutes,Olivia Dean,32,2026-02-07
4 Raws,EsDeeKid,33,2026-02-07
The Fall,Cody Johnson,34,2026-02-07
House Again,Hudson Westbrook,35,2026-02-07
Lush Life,Zara Larsson,36,2026-02-07
How Far Does A Goodbye Go,Jason Aldean,37,2026-02-07
Favorite Country Song,HARDY,38,2026-02-07
Days Like These,Luke Combs,39,2026-02-07
Stay Here 4 Life,A$AP Rocky Featuring Brent Faiyaz,40,2026-02-07
Purple Rain,Prince And The Revolution,41,2026-02-07
Is It A Crime,Mariah The Scientist & Kali Uchis,42,2026-02-07
Chanel,Tyla,43,2026-02-07
I Thought I Saw Your Face Today,She & Him,44,2026-02-07
Say Why,Zach Bryan,45,2026-02-07
12 To 12,sombr,46,2026-02-07
When Did You Get Hot?,Sabrina Carpenter,47,2026-02-07
ErrTime,Cardi B,48,2026-02-07
FDO,Pooh Shiesty,49,2026-02-07
I Ain't Coming Back,Morgan Wallen Featuring Post Malone,50,2026-02-07
Gone Gone Gone,"David Guetta, Teddy Swims & Tones And I",51,2026-02-07
Who Knows,Daniel Caesar,52,2026-02-07
Brunette,Tucker Wetmore,53,2026-02-07
Beautiful Things,Megan Moroney,54,2026-02-07
You Stole The Show,Sienna Spiro,55,2026-02-07
It Won't Be Long,George Birge,56,2026-02-07
Bruce Wayne,YoungBoy Never Broke Again,57,2026-02-07
Travelin' Soldier,Cody Johnson,58,2026-02-07
How It's Done,"HUNTR/X: EJAE, Audrey Nuna & REI AMI",59,2026-02-07
Dracula,Tame Impala & JENNIE,60,2026-02-07
Bloodline,Alex Warren With Jelly Roll,61,2026-02-07
Helicopter,A$AP Rocky,62,2026-02-07
ATM,Don Toliver,63,2026-02-07
Mrs. Trendsetter,Lil Baby,64,2026-02-07
Nice To Each Other,Olivia Dean,65,2026-02-07
Change My Mind,Riley Green,66,2026-02-07
Shot Callin,YoungBoy Never Broke Again,67,2026-02-07
Wish I Didn't,Megan Moroney,68,2026-02-07
Midnight Sun,Zara Larsson,69,2026-02-07
Bittersweet,Madison Beer,70,2026-02-07
Ain't A Bad Life,Thomas Rhett Featuring Jordan Davis,71,2026-02-07
Let Alone The One You Love,Olivia Dean,72,2026-02-07
Darlin',Chase Matthew,73,2026-02-07
Take Me Thru Dere,"Metro Boomin, Quavo, Breskii & YKNIECE",74,2026-02-07
Sienna,The Marias,75,2026-02-07
Damn I Love Miami,Pitbull X Lil Jon,76,2026-02-07
Fame Is A Gun,Addison Rae,77,2026-02-07
Pop Dat Thang,DaBaby,78,2026-02-07
Elizabeth Taylor,Taylor Swift,79,2026-02-07
Internet Girl,KATSEYE,80,2026-02-07
Ends Of The Earth,Ty Myers,81,2026-02-07
Phantom,EsDeeKid & Rico Ace,82,2026-02-07
Let 'Em Know,T.I.,83,2026-02-07
"Lover, You Should've Come Over",Jeff Buckley,84,2026-02-07
Voy A Llevarte Pa PR,Bad Bunny,85,2026-02-07
Stole Ya Flow,A$AP Rocky,86,2026-02-07
Don't Kill The Party,Ty Dolla $ign Featuring Quavo & Juicy J,87,2026-02-07
Dopamina,Peso Pluma & Tito Double P,88,2026-02-07
Raindance,Dave & Tems,89,2026-02-07
BOO,H3adband,90,2026-02-07
Zoo,Shakira,91,2026-02-07
Time's Ticking,Justin Moore,92,2026-02-07
What An Awesome God,Phil Wickham,93,2026-02-07
Amor,Emmanuel Cortes,94,2026-02-07
Let Down,Radiohead,95,2026-02-07
"Girl, Get Up.",Doechii & SZA,96,2026-02-07
Mrs Magic,Strawberry Guy,97,2026-02-07
Dano,Peso Pluma & Tito Double P,98,2026-02-07
3am,Loe Shimmy & Don Toliver,99,2026-02-07
Mr Recoup,21 Savage & Drake,100,2026-02-07
Choosin' Texas,Ella Langley,1,2026-02-14
Man I Need,Olivia Dean,2,2026-02-14
Ordinary,Alex Warren,3,2026-02-14
I Just Might,Bruno Mars,4,2026-02-14
Golden,"HUNTR/X: EJAE, Audrey Nuna & REI AMI",5,2026-02-14
The Great Divide,Noah Kahan,6,2026-02-14
The Fate Of Ophelia,Taylor Swift,7,2026-02-14
Back To Friends,sombr,8,2026-02-14
Folded,Kehlani,9,2026-02-14
DTMF,Bad Bunny,10,2026-02-14
Opalite,Taylor Swift,11,2026-02-14
Aperture,Harry Styles,12,2026-02-14
So Easy (To Fall In Love),Olivia Dean,13,2026-02-14
Body,Don Toliver,14,2026-02-14
Mutt,Leon Thomas,15,2026-02-14
End Of Beginning,Djo,16,2026-02-14
E85,Don Toliver,17,2026-02-14
Where Is My Husband!,RAYE,18,2026-02-14
Baile Inolvidable,Bad Bunny,19,2026-02-14
What You Saying,Lil Uzi Vert,20,2026-02-14
Yukon,Justin Bieber,21,2026-02-14
Daisies,Justin Bieber,22,2026-02-14
I Got Better,Morgan Wallen,23,2026-02-14
20 Cigarettes,Morgan Wallen,24,2026-02-14
ATM,Don Toliver,25,2026-02-14
Die On This Hill,Sienna Spiro,26,2026-02-14
Sleepless In A Hotel Room,Luke Combs,27,2026-02-14
Nuevayol,Bad Bunny,28,2026-02-14
Secondhand,Don Toliver Featuring Rema,29,2026-02-14
Rendezvous,Don Toliver Featuring Yeat,30,2026-02-14
McArthur,"HARDY, Eric Church, Morgan Wallen & Tim McGraw",31,2026-02-14
wgft,Gunna Featuring Burna Boy,32,2026-02-14
A Couple Minutes,Olivia Dean,33,2026-02-14
Tit For Tat,Tate McRae,34,2026-02-14
Tiramisu,Don Toliver,35,2026-02-14
Rosary,Don Toliver Featuring Travis Scott,36,2026-02-14
Dandelion,Ella Langley,37,2026-02-14
It Depends,Chris Brown Featuring Bryson Tiller,38,2026-02-14
Amen,Shaboozey & Jelly Roll,39,2026-02-14
Stateside,PinkPantheress With Zara Larsson,40,2026-02-14
Call Back,Don Toliver,41,2026-02-14
EOO,Bad Bunny,42,2026-02-14
Better Me For You (Brown Eyes),Max McNown,43,2026-02-14
Gemstone,Don Toliver,44,2026-02-14
House Again,Hudson Westbrook,45,2026-02-14
The Fall,Cody Johnson,46,2026-02-14
Voy A Llevarte Pa PR,Bad Bunny,47,2026-02-14
Excavator,Don Toliver,48,2026-02-14
Opposite,Don Toliver,49,2026-02-14
Let 'Em Know,T.I.,50,2026-02-14
Days Like These,Luke Combs,51,2026-02-14
Hell At Night,BigXthaPlug Featuring Ella Langley,52,2026-02-14
Lush Life,Zara Larsson,53,2026-02-14
How Far Does A Goodbye Go,Jason Aldean,54,2026-02-14
12 To 12,sombr,55,2026-02-14
4 Raws,EsDeeKid,56,2026-02-14
Travelin' Soldier,Cody Johnson,57,2026-02-14
I Ain't Coming Back,Morgan Wallen Featuring Post Malone,58,2026-02-14
All The Signs,Don Toliver Featuring Teezo Touchdown,59,2026-02-14
Tuition,Don Toliver,60,2026-02-14
Chanel,Tyla,61,2026-02-14
Plastic Cigarette,Zach Bryan,62,2026-02-14
Long Way To Calabasas,Don Toliver,63,2026-02-14
K9,Don Toliver Featuring SahBabii,64,2026-02-14
Say Why,Zach Bryan,65,2026-02-14
Gone Gone Gone,"David Guetta, Teddy Swims & Tones And I",66,2026-02-14
When Did You Get Hot?,Sabrina Carpenter,67,2026-02-14
FDO,Pooh Shiesty,68,2026-02-14
ErrTime,Cardi B,69,2026-02-14
TMU,Don Toliver,70,2026-02-14
I Thought I Saw Your Face Today,She & Him,71,2026-02-14
Nice To Each Other,Olivia Dean,72,2026-02-14
You Stole The Show,Sienna Spiro,73,2026-02-14
Pop Dat Thang,DaBaby,74,2026-02-14
Beautiful Things,Megan Moroney,75,2026-02-14
Favorite Country Song,HARDY,76,2026-02-14
Brunette,Tucker Wetmore,77,2026-02-14
Sweet Home,Don Toliver,78,2026-02-14
Who Knows,Daniel Caesar,79,2026-02-14
Let Alone The One You Love,Olivia Dean,80,2026-02-14
Fame Is A Gun,Addison Rae,81,2026-02-14
Pleasure's Mine,Don Toliver,82,2026-02-14
Stay Here 4 Life,A$AP Rocky Featuring Brent Faiyaz,83,2026-02-14
Midnight Sun,Zara Larsson,84,2026-02-14
How It's Done,"HUNTR/X: EJAE, Audrey Nuna & REI AMI",85,2026-02-14
Feed The Streets,Rod Wave,86,2026-02-14
Bloodline,Alex Warren With Jelly Roll,87,2026-02-14
Dracula,Tame Impala & JENNIE,88,2026-02-14
Mrs. Trendsetter,Lil Baby,89,2026-02-14
Bruce Wayne,YoungBoy Never Broke Again,90,2026-02-14
Raindance,Dave & Tems,91,2026-02-14
Change My Mind,Riley Green,92,2026-02-14
What You Need,Tems,93,2026-02-14
Sienna,The Marias,94,2026-02-14
Ends Of The Earth,Ty Myers,95,2026-02-14
Baby Steps,Olivia Dean,96,2026-02-14
It Won't Be Long,George Birge,97,2026-02-14
Ain't A Bad Life,Thomas Rhett Featuring Jordan Davis,98,2026-02-14
Elizabeth Taylor,Taylor Swift,99,2026-02-14
Darlin',Chase Matthew,100,2026-02-14
DTMF,Bad Bunny,1,2026-02-21
Baile Inolvidable,Bad Bunny,2,2026-02-21
Man I Need,Olivia Dean,3,2026-02-21
Choosin' Texas,Ella Langley,4,2026-02-21
Nuevayol,Bad Bunny,5,2026-02-21
Ordinary,Alex Warren,6,2026-02-21
Titi Me Pregunto,Bad Bunny,7,2026-02-21
Opalite,Taylor Swift,8,2026-02-21
Golden,"HUNTR/X: EJAE, Audrey Nuna & REI AMI",9,2026-02-21
I Just Might,Bruno Mars,10,2026-02-21
EOO,Bad Bunny,11,2026-02-21
The Fate Of Ophelia,Taylor Swift,12,2026-02-21
Back To Friends,sombr,13,2026-02-21
Voy A Llevarte Pa PR,Bad Bunny,14,2026-02-21
Folded,Kehlani,15,2026-02-21
Two Six,J. Cole,16,2026-02-21
So Easy (To Fall In Love),Olivia Dean,17,2026-02-21
The Great Divide,Noah Kahan,18,2026-02-21
Yukon,Justin Bieber,19,2026-02-21
Where Is My Husband!,RAYE,20,2026-02-21
E85,Don Toliver,21,2026-02-21
Body,Don Toliver,22,2026-02-21
End Of Beginning,Djo,23,2026-02-21
Aperture,Harry Styles,24,2026-02-21
20 Cigarettes,Morgan Wallen,25,2026-02-21
What You Saying,Lil Uzi Vert,26,2026-02-21
La Cancion,J Balvin & Bad Bunny,27,2026-02-21
Sleepless In A Hotel Room,Luke Combs,28,2026-02-21
Safety,J. Cole,29,2026-02-21
Poor Thang,J. Cole,30,2026-02-21
Homewrecker,sombr,31,2026-02-21
Who TF Iz U,J. Cole,32,2026-02-21
Run A Train,J. Cole & Future,33,2026-02-21
Bunce Road Blues,"J. Cole, Tems & Future",34,2026-02-21
Die On This Hill,Sienna Spiro,35,2026-02-21
Legacy,J. Cole & PJ,36,2026-02-21
Monaco,Bad Bunny,37,2026-02-21
Tit For Tat,Tate McRae,38,2026-02-21
Velda,"Bad Bunny, Omar Courtz & Dei V",39,2026-02-21
A Couple Minutes,Olivia Dean,40,2026-02-21
Amen,Shaboozey & Jelly Roll,41,2026-02-21
Better Me For You (Brown Eyes),Max McNown,42,2026-02-21
The Let Out,J. Cole,43,2026-02-21
It Depends,Chris Brown Featuring Bryson Tiller,44,2026-02-21
Dracula,Tame Impala & JENNIE,45,2026-02-21
Drum N Bass,J. Cole,46,2026-02-21
Que Pasaria...,Rauw Alejandro & Bad Bunny,47,2026-02-21
Dakiti,Bad Bunny & Jhay Cortez,48,2026-02-21
The Fall,Cody Johnson,49,2026-02-21
Let 'Em Know,T.I.,50,2026-02-21
Stateside,PinkPantheress With Zara Larsson,51,2026-02-21
Bombs In The Ville/Hit The Gas,J. Cole,52,2026-02-21
29 Intro,J. Cole,53,2026-02-21
Secondhand,Don Toliver Featuring Rema,54,2026-02-21
ATM,Don Toliver,55,2026-02-21
Hell At Night,BigXthaPlug Featuring Ella Langley,56,2026-02-21
Days Like These,Luke Combs,57,2026-02-21
How Far Does A Goodbye Go,Jason Aldean,58,2026-02-21
39 Intro,J. Cole,59,2026-02-21
Cafe Con Ron,Bad Bunny & Los Pleneros de La Cresta,60,2026-02-21
12 To 12,sombr,61,2026-02-21
Dandelion,Ella Langley,62,2026-02-21
Weltita,Bad Bunny & Chuwi,63,2026-02-21
Old Dog,J. Cole & Petey Pablo,64,2026-02-21
Lush Life,Zara Larsson,65,2026-02-21
La Mudanza,Bad Bunny,66,2026-02-21
Perfumito Nuevo,Bad Bunny & RaiNao,67,2026-02-21
The Fall-Off Is Inevitable,J. Cole,68,2026-02-21
Til' You Can't,Kid Rock,69,2026-02-21
Travelin' Soldier,Cody Johnson,70,2026-02-21
Kloufrens,Bad Bunny,71,2026-02-21
The Villest,J. Cole & Erykah Badu,72,2026-02-21
Life Sentence,J. Cole,73,2026-02-21
I Ain't Coming Back,Morgan Wallen Featuring Post Malone,74,2026-02-21
Lonely At The Top,J. Cole,75,2026-02-21
Rendezvous,Don Toliver Featuring Yeat,76,2026-02-21
McArthur,"HARDY, Eric Church, Morgan Wallen & Tim McGraw",77,2026-02-21
Only You,J. Cole & Burna Boy,78,2026-02-21
Tiramisu,Don Toliver,79,2026-02-21
Chanel,Tyla,80,2026-02-21
When Did You Get Hot?,Sabrina Carpenter,81,2026-02-21
Gemstone,Don Toliver,82,2026-02-21
I Love Her Again,J. Cole,83,2026-02-21
Call Back,Don Toliver,84,2026-02-21
Beautiful Things,Megan Moroney,85,2026-02-21
Excavator,Don Toliver,86,2026-02-21
Lo Que Le Paso A Hawaii,Bad Bunny,87,2026-02-21
Gone Gone Gone,"David Guetta, Teddy Swims & Tones And I",88,2026-02-21
4 Raws,EsDeeKid,89,2026-02-21
Brunette,Tucker Wetmore,90,2026-02-21
Midnight Sun,Zara Larsson,91,2026-02-21
El Club,Bad Bunny,92,2026-02-21
FDO,Pooh Shiesty,93,2026-02-21
Say Why,Zach Bryan,94,2026-02-21
ErrTime,Cardi B,95,2026-02-21
Nice To Each Other,Olivia Dean,96,2026-02-21
Babydoll,Dominic Fike,97,2026-02-21
Rosary,Don Toliver Featuring Travis Scott,98,2026-02-21
Man Up Above,J. Cole,99,2026-02-21
Quik Stop,J. Cole,100,2026-02-21
Opalite,Taylor Swift,1,2026-02-28
Choosin' Texas,Ella Langley,2,2026-02-28
Man I Need,Olivia Dean,3,2026-02-28
DTMF,Bad Bunny,4,2026-02-28
Ordinary,Alex Warren,5,2026-02-28
I Just Might,Bruno Mars,6,2026-02-28
Golden,"HUNTR/X: EJAE, Audrey Nuna & REI AMI",7,2026-02-28
The Fate Of Ophelia,Taylor Swift,8,2026-02-28
Titi Me Pregunto,Bad Bunny,9,2026-02-28
Baile Inolvidable,Bad Bunny,10,2026-02-28
Back To Friends,sombr,11,2026-02-28
Nuevayol,Bad Bunny,12,2026-02-28
Folded,Kehlani,13,2026-02-28
So Easy (To Fall In Love),Olivia Dean,14,2026-02-28
Be By You,Luke Combs,15,2026-02-28
EOO,Bad Bunny,16,2026-02-28
Where Is My Husband!,RAYE,17,2026-02-28
Be Her,Ella Langley,18,2026-02-28
Sleepless In A Hotel Room,Luke Combs,19,2026-02-28
E85,Don Toliver,20,2026-02-28
20 Cigarettes,Morgan Wallen,21,2026-02-28
End Of Beginning,Djo,22,2026-02-28
Yukon,Justin Bieber,23,2026-02-28
Body,Don Toliver,24,2026-02-28
The Great Divide,Noah Kahan,25,2026-02-28
Homewrecker,sombr,26,2026-02-28
What You Saying,Lil Uzi Vert,27,2026-02-28
Aperture,Harry Styles,28,2026-02-28
Die On This Hill,Sienna Spiro,29,2026-02-28
Voy A Llevarte Pa PR,Bad Bunny,30,2026-02-28
Tit For Tat,Tate McRae,31,2026-02-28
Amen,Shaboozey & Jelly Roll,32,2026-02-28
A Couple Minutes,Olivia Dean,33,2026-02-28
Better Me For You (Brown Eyes),Max McNown,34,2026-02-28
It Depends,Chris Brown Featuring Bryson Tiller,35,2026-02-28
The Fall,Cody Johnson,36,2026-02-28
Dandelion,Ella Langley,37,2026-02-28
Days Like These,Luke Combs,38,2026-02-28
Lush Life,Zara Larsson,39,2026-02-28
Dracula,Tame Impala & JENNIE,40,2026-02-28
Stateside,PinkPantheress With Zara Larsson,41,2026-02-28
McArthur,"HARDY, Eric Church, Morgan Wallen & Tim McGraw",42,2026-02-28
Let 'Em Know,T.I.,43,2026-02-28
Two Six,J. Cole,44,2026-02-28
Hell At Night,BigXthaPlug Featuring Ella Langley,45,2026-02-28
How Far Does A Goodbye Go,Jason Aldean,46,2026-02-28
12 To 12,sombr,47,2026-02-28
La Cancion,J Balvin & Bad Bunny,48,2026-02-28
Butterflies.,Brent Faiyaz,49,2026-02-28
I Ain't Coming Back,Morgan Wallen Featuring Post Malone,50,2026-02-28
Have To.,Brent Faiyaz,51,2026-02-28
Babydoll,Dominic Fike,52,2026-02-28
Chanel,Tyla,53,2026-02-28
Wrong Faces.,Brent Faiyaz,54,2026-02-28
When Did You Get Hot?,Sabrina Carpenter,55,2026-02-28
Secondhand,Don Toliver Featuring Rema,56,2026-02-28
ATM,Don Toliver,57,2026-02-28
Beautiful Things,Megan Moroney,58,2026-02-28
Brunette,Tucker Wetmore,59,2026-02-28
Other Side.,Brent Faiyaz,60,2026-02-28
Who TF Iz U,J. Cole,61,2026-02-28
Gone Gone Gone,"David Guetta, Teddy Swims & Tones And I",62,2026-02-28
Travelin' Soldier,Cody Johnson,63,2026-02-28
Midnight Sun,Zara Larsson,64,2026-02-28
Poor Thang,J. Cole,65,2026-02-28
Iloveitiloveitiloveit,Bella Kay,66,2026-02-28
Tiramisu,Don Toliver,67,2026-02-28
Change My Mind,Riley Green,68,2026-02-28
Bunce Road Blues,"J. Cole, Tems & Future",69,2026-02-28
Nice To Each Other,Olivia Dean,70,2026-02-28
4 Raws,EsDeeKid,71,2026-02-28
FDO,Pooh Shiesty,72,2026-02-28
Say Why,Zach Bryan,73,2026-02-28
I Thought I Saw Your Face Today,She & Him,74,2026-02-28
Safety,J. Cole,75,2026-02-28
Who Knows,Daniel Caesar,76,2026-02-28
Rendezvous,Don Toliver Featuring Yeat,77,2026-02-28
Pop Dat Thang,DaBaby,78,2026-02-28
Bloodline,Alex Warren With Jelly Roll,79,2026-02-28
Gemstone,Don Toliver,80,2026-02-28
Call Back,Don Toliver,81,2026-02-28
Velda,"Bad Bunny, Omar Courtz & Dei V",82,2026-02-28
Excavator,Don Toliver,83,2026-02-28
Four Seasons.,Brent Faiyaz,84,2026-02-28
You Stole The Show,Sienna Spiro,85,2026-02-28
Cafe Con Ron,Bad Bunny & Los Pleneros de La Cresta,86,2026-02-28
Chains Of Love,Charli xcx,87,2026-02-28
Strangers.,Brent Faiyaz,88,2026-02-28
Plastic Cigarette,Zach Bryan,89,2026-02-28
Ends Of The Earth,Ty Myers,90,2026-02-28
How It's Done,"HUNTR/X: EJAE, Audrey Nuna & REI AMI",91,2026-02-28
Run A Train,J. Cole & Future,92,2026-02-28
Raindance,Dave & Tems,93,2026-02-28
Bombs In The Ville/Hit The Gas,J. Cole,94,2026-02-28
Ain't A Bad Life,Thomas Rhett Featuring Jordan Davis,95,2026-02-28
Let Alone The One You Love,Olivia Dean,96,2026-02-28
Fame Is A Gun,Addison Rae,97,2026-02-28
The Let Out,J. Cole,98,2026-02-28
Favorite Country Song,HARDY,99,2026-02-28
Droga Letal,"Junior H, Gael Valenzuela & Peso Pluma",100,2026-02-28
Choosin' Texas,Ella Langley,1,2026-03-07
Man I Need,Olivia Dean,2,2026-03-07
Ordinary,Alex Warren,3,2026-03-07
Opalite,Taylor Swift,4,2026-03-07
I Just Might,Bruno Mars,5,2026-03-07
Golden,"HUNTR/X: EJAE, Audrey Nuna & REI AMI",6,2026-03-07
The Fate Of Ophelia,Taylor Swift,7,2026-03-07
DTMF,Bad Bunny,8,2026-03-07
Back To Friends,sombr,9,2026-03-07
Folded,Kehlani,10,2026-03-07
So Easy (To Fall In Love),Olivia Dean,11,2026-03-07
Be By You,Luke Combs,12,2026-03-07
Stateside,PinkPantheress With Zara Larsson,13,2026-03-07
Where Is My Husband!,RAYE,14,2026-03-07
E85,Don Toliver,15,2026-03-07
Be Her,Ella Langley,16,2026-03-07
Baile Inolvidable,Bad Bunny,17,2026-03-07
Titi Me Pregunto,Bad Bunny,18,2026-03-07
Sleepless In A Hotel Room,Luke Combs,19,2026-03-07
20 Cigarettes,Morgan Wallen,20,2026-03-07
End Of Beginning,Djo,21,2026-03-07
Yukon,Justin Bieber,22,2026-03-07
Nuevayol,Bad Bunny,23,2026-03-07
Homewrecker,sombr,24,2026-03-07
Body,Don Toliver,25,2026-03-07
The Great Divide,Noah Kahan,26,2026-03-07
What You Saying,Lil Uzi Vert,27,2026-03-07
Die On This Hill,Sienna Spiro,28,2026-03-07
Aperture,Harry Styles,29,2026-03-07
Tit For Tat,Tate McRae,30,2026-03-07
Amen,Shaboozey & Jelly Roll,31,2026-03-07
Beautiful Things,Megan Moroney,32,2026-03-07
Better Me For You (Brown Eyes),Max McNown,33,2026-03-07
Good Flirts,Baby Keem Featuring Kendrick Lamar & Momo Boyd,34,2026-03-07
The Fall,Cody Johnson,35,2026-03-07
It Depends,Chris Brown Featuring Bryson Tiller,36,2026-03-07
Ca$ino,Baby Keem,37,2026-03-07
Let 'Em Know,T.I.,38,2026-03-07
Medicine,Megan Moroney,39,2026-03-07
A Couple Minutes,Olivia Dean,40,2026-03-07
Wish I Didn't,Megan Moroney,41,2026-03-07
Dracula,Tame Impala & JENNIE,42,2026-03-07
Iloveitiloveitiloveit,Bella Kay,43,2026-03-07
Babydoll,Dominic Fike,44,2026-03-07
Lush Life,Zara Larsson,45,2026-03-07
Dandelion,Ella Langley,46,2026-03-07
House Money,Baby Keem,47,2026-03-07
Butterflies.,Brent Faiyaz,48,2026-03-07
McArthur,"HARDY, Eric Church, Morgan Wallen & Tim McGraw",49,2026-03-07
Birds & The Bees,Baby Keem,50,2026-03-07
Chanel,Tyla,51,2026-03-07
Voy A Llevarte Pa PR,Bad Bunny,52,2026-03-07
I Ain't Coming Back,Morgan Wallen Featuring Post Malone,53,2026-03-07
When Did You Get Hot?,Sabrina Carpenter,54,2026-03-07
12 To 12,sombr,55,2026-03-07
Days Like These,Luke Combs,56,2026-03-07
Drag Path,Twenty One Pilots,57,2026-03-07
Wedding Dress,Megan Moroney,58,2026-03-07
How Far Does A Goodbye Go,Jason Aldean,59,2026-03-07
Change My Mind,Riley Green,60,2026-03-07
Brunette,Tucker Wetmore,61,2026-03-07
Midnight Sun,Zara Larsson,62,2026-03-07
Cloud 9,Megan Moroney,63,2026-03-07
Pop Dat Thang,DaBaby,64,2026-03-07
Two Six,J. Cole,65,2026-03-07
Circus Circus Free$tyle,Baby Keem,66,2026-03-07
I Only Miss You,Megan Moroney & Ed Sheeran,67,2026-03-07
Who Hurt You?,Megan Moroney,68,2026-03-07
$ex Appeal,Baby Keem Featuring Too $hort,69,2026-03-07
Gone Gone Gone,"David Guetta, Teddy Swims & Tones And I",70,2026-03-07
Secondhand,Don Toliver Featuring Rema,71,2026-03-07
ATM,Don Toliver,72,2026-03-07
Travelin' Soldier,Cody Johnson,73,2026-03-07
Who Knows,Daniel Caesar,74,2026-03-07
La Cancion,J Balvin & Bad Bunny,75,2026-03-07
No Security,Baby Keem,76,2026-03-07
Dramatic Girl,Baby Keem Featuring Che Ecru,77,2026-03-07
I Thought I Saw Your Face Today,She & Him,78,2026-03-07
Say Why,Zach Bryan,79,2026-03-07
Raindance,Dave & Tems,80,2026-03-07
4 Raws,EsDeeKid,81,2026-03-07
Tiramisu,Don Toliver,82,2026-03-07
Stupid,Megan Moroney,83,2026-03-07
Ends Of The Earth,Ty Myers,84,2026-03-07
White Keys,Dominic Fike,85,2026-03-07
FDO,Pooh Shiesty,86,2026-03-07
Nice To Each Other,Olivia Dean,87,2026-03-07
Highway 95 Pt.2,Baby Keem,88,2026-03-07
I Am Not A Lyricist,Baby Keem,89,2026-03-07
Who TF Iz U,J. Cole,90,2026-03-07
Gemstone,Don Toliver,91,2026-03-07
Ain't A Bad Life,Thomas Rhett Featuring Jordan Davis,92,2026-03-07
You Stole The Show,Sienna Spiro,93,2026-03-07
How It's Done,"HUNTR/X: EJAE, Audrey Nuna & REI AMI",94,2026-03-07
Time's Ticking,Justin Moore,95,2026-03-07
Rendezvous,Don Toliver Featuring Yeat,96,2026-03-07
Convincing,Megan Moroney,97,2026-03-07
Call Back,Don Toliver,98,2026-03-07
Plastic Cigarette,Zach Bryan,99,2026-03-07
Fame Is A Gun,Addison Rae,100,2026-03-07
I Just Might,Bruno Mars,1,2026-03-14
Choosin' Texas,Ella Langley,2,2026-03-14
Man I Need,Olivia Dean,3,2026-03-14
Risk It All,Bruno Mars,4,2026-03-14
Ordinary,Alex Warren,5,2026-03-14
Opalite,Taylor Swift,6,2026-03-14
Stateside,PinkPantheress With Zara Larsson,7,2026-03-14
Golden,"HUNTR/X: EJAE, Audrey Nuna & REI AMI",8,2026-03-14
The Fate Of Ophelia,Taylor Swift,9,2026-03-14
Back To Friends,sombr,10,2026-03-14
DTMF,Bad Bunny,11,2026-03-14
Folded,Kehlani,12,2026-03-14
So Easy (To Fall In Love),Olivia Dean,13,2026-03-14
Where Is My Husband!,RAYE,14,2026-03-14
E85,Don Toliver,15,2026-03-14
Be Her,Ella Langley,16,2026-03-14
Be By You,Luke Combs,17,2026-03-14
Sleepless In A Hotel Room,Luke Combs,18,2026-03-14
End Of Beginning,Djo,19,2026-03-14
Yukon,Justin Bieber,20,2026-03-14
Fever Dream,Alex Warren,21,2026-03-14
20 Cigarettes,Morgan Wallen,22,2026-03-14
Body,Don Toliver,23,2026-03-14
Baile Inolvidable,Bad Bunny,24,2026-03-14
Cha Cha Cha,Bruno Mars,25,2026-03-14
Homewrecker,sombr,26,2026-03-14
What You Saying,Lil Uzi Vert,27,2026-03-14
God Was Showing Off,Bruno Mars,28,2026-03-14
Aperture,Harry Styles,29,2026-03-14
Nuevayol,Bad Bunny,30,2026-03-14
Die On This Hill,Sienna Spiro,31,2026-03-14
Iloveitiloveitiloveit,Bella Kay,32,2026-03-14
Babydoll,Dominic Fike,33,2026-03-14
The Great Divide,Noah Kahan,34,2026-03-14
Better Me For You (Brown Eyes),Max McNown,35,2026-03-14
Amen,Shaboozey & Jelly Roll,36,2026-03-14
Dracula,Tame Impala & JENNIE,37,2026-03-14
Why You Wanna Fight?,Bruno Mars,38,2026-03-14
Let 'Em Know,T.I.,39,2026-03-14
The Fall,Cody Johnson,40,2026-03-14
Tit For Tat,Tate McRae,41,2026-03-14
Dance With Me,Bruno Mars,42,2026-03-14
On My Soul,Bruno Mars,43,2026-03-14
It Depends,Chris Brown Featuring Bryson Tiller,44,2026-03-14
Beautiful Things,Megan Moroney,45,2026-03-14
Something Serious,Bruno Mars,46,2026-03-14
A Couple Minutes,Olivia Dean,47,2026-03-14
Lush Life,Zara Larsson,48,2026-03-14
Dandelion,Ella Langley,49,2026-03-14
McArthur,"HARDY, Eric Church, Morgan Wallen & Tim McGraw",50,2026-03-14
Days Like These,Luke Combs,51,2026-03-14
Brunette,Tucker Wetmore,52,2026-03-14
Chanel,Tyla,53,2026-03-14
Nothing Left,Bruno Mars,54,2026-03-14
I Ain't Coming Back,Morgan Wallen Featuring Post Malone,55,2026-03-14
When Did You Get Hot?,Sabrina Carpenter,56,2026-03-14
Change My Mind,Riley Green,57,2026-03-14
Wish I Didn't,Megan Moroney,58,2026-03-14
Pop Dat Thang,DaBaby,59,2026-03-14
Midnight Sun,Zara Larsson,60,2026-03-14
White Keys,Dominic Fike,61,2026-03-14
Butterflies.,Brent Faiyaz,62,2026-03-14
Go,BLACKPINK,63,2026-03-14
Medicine,Megan Moroney,64,2026-03-14
Raindance,Dave & Tems,65,2026-03-14
Travelin' Soldier,Cody Johnson,66,2026-03-14
B B B,Juvenile Featuring Genesisthegawd Or & Megan Thee Stallion,67,2026-03-14
Secondhand,Don Toliver Featuring Rema,68,2026-03-14
Say Why,Zach Bryan,69,2026-03-14
ATM,Don Toliver,70,2026-03-14
Good Flirts,Baby Keem Featuring Kendrick Lamar & Momo Boyd,71,2026-03-14
Ends Of The Earth,Ty Myers,72,2026-03-14
Ain't A Bad Life,Thomas Rhett Featuring Jordan Davis,73,2026-03-14
Nice To Each Other,Olivia Dean,74,2026-03-14
Who Knows,Daniel Caesar,75,2026-03-14
Tiramisu,Don Toliver,76,2026-03-14
Turn This Truck Around,Jordan Davis,77,2026-03-14
Time's Ticking,Justin Moore,78,2026-03-14
What He'll Never Have,Dylan Scott,79,2026-03-14
I Thought I Saw Your Face Today,She & Him,80,2026-03-14
FDO,Pooh Shiesty,81,2026-03-14
4 Raws,EsDeeKid,82,2026-03-14
Gemstone,Don Toliver,83,2026-03-14
La Cancion,J Balvin & Bad Bunny,84,2026-03-14
Plastic Cigarette,Zach Bryan,85,2026-03-14
How It's Done,"HUNTR/X: EJAE, Audrey Nuna & REI AMI",86,2026-03-14
Two Six,J. Cole,87,2026-03-14
Ca$ino,Baby Keem,88,2026-03-14
Fame Is A Gun,Addison Rae,89,2026-03-14
Rocky Mountain Low,Corey Kent & Koe Wetzel,90,2026-03-14
You Stole The Show,Sienna Spiro,91,2026-03-14
BOO,H3adband,92,2026-03-14
Call Back,Don Toliver,93,2026-03-14
Wedding Dress,Megan Moroney,94,2026-03-14
Earrings,Malcolm Todd,95,2026-03-14
Drag Path,Twenty One Pilots,96,2026-03-14
Excavator,Don Toliver,97,2026-03-14
Rendezvous,Don Toliver Featuring Yeat,98,2026-03-14
Favorite Country Song,HARDY,99,2026-03-14
Who TF Iz U,J. Cole,100,2026-03-14
Choosin' Texas,Ella Langley,1,2026-03-21
Man I Need,Olivia Dean,2,2026-03-21
I Just Might,Bruno Mars,3,2026-03-21
American Girls,Harry Styles,4,2026-03-21
Ordinary,Alex Warren,5,2026-03-21
Stateside,PinkPantheress With Zara Larsson,6,2026-03-21
Golden,"HUNTR/X: EJAE, Audrey Nuna & REI AMI",7,2026-03-21
The Fate Of Ophelia,Taylor Swift,8,2026-03-21
Aperture,Harry Styles,9,2026-03-21
Opalite,Taylor Swift,10,2026-03-21
So Easy (To Fall In Love),Olivia Dean,11,2026-03-21
Risk It All,Bruno Mars,12,2026-03-21
Folded,Kehlani,13,2026-03-21
Back To Friends,sombr,14,2026-03-21
"Ready, Steady, Go!",Harry Styles,15,2026-03-21
DTMF,Bad Bunny,16,2026-03-21
Taste Back,Harry Styles,17,2026-03-21
Coming Up Roses,Harry Styles,18,2026-03-21
Where Is My Husband!,RAYE,19,2026-03-21
Be Her,Ella Langley,20,2026-03-21
Sleepless In A Hotel Room,Luke Combs,21,2026-03-21
E85,Don Toliver,22,2026-03-21
Pop,Harry Styles,23,2026-03-21
Be By You,Luke Combs,24,2026-03-21
Are You Listening Yet?,Harry Styles,25,2026-03-21
Dance No More,Harry Styles,26,2026-03-21
Yukon,Justin Bieber,27,2026-03-21
The Waiting Game,Harry Styles,28,2026-03-21
Iloveitiloveitiloveit,Bella Kay,29,2026-03-21
Season 2 Weight Loss,Harry Styles,30,2026-03-21
Body,Don Toliver,31,2026-03-21
Babydoll,Dominic Fike,32,2026-03-21
Homewrecker,sombr,33,2026-03-21
What You Saying,Lil Uzi Vert,34,2026-03-21
Baile Inolvidable,Bad Bunny,35,2026-03-21
Die On This Hill,Sienna Spiro,36,2026-03-21
Dracula,Tame Impala & JENNIE,37,2026-03-21
Carla's Song,Harry Styles,38,2026-03-21
Amen,Shaboozey & Jelly Roll,39,2026-03-21
Fever Dream,Alex Warren,40,2026-03-21
The Fall,Cody Johnson,41,2026-03-21
The Great Divide,Noah Kahan,42,2026-03-21
Better Me For You (Brown Eyes),Max McNown,43,2026-03-21
Nuevayol,Bad Bunny,44,2026-03-21
Paint By Numbers,Harry Styles,45,2026-03-21
Tit For Tat,Tate McRae,46,2026-03-21
Let 'Em Know,T.I.,47,2026-03-21
It Depends,Chris Brown Featuring Bryson Tiller,48,2026-03-21
Midnight Sun,Zara Larsson,49,2026-03-21
Lush Life,Zara Larsson,50,2026-03-21
Brunette,Tucker Wetmore,51,2026-03-21
McArthur,"HARDY, Eric Church, Morgan Wallen & Tim McGraw",52,2026-03-21
White Keys,Dominic Fike,53,2026-03-21
A Couple Minutes,Olivia Dean,54,2026-03-21
Chanel,Tyla,55,2026-03-21
Days Like These,Luke Combs,56,2026-03-21
I Ain't Coming Back,Morgan Wallen Featuring Post Malone,57,2026-03-21
Beautiful Things,Megan Moroney,58,2026-03-21
When Did You Get Hot?,Sabrina Carpenter,59,2026-03-21
Dandelion,Ella Langley,60,2026-03-21
Change My Mind,Riley Green,61,2026-03-21
Pop Dat Thang,DaBaby,62,2026-03-21
Raindance,Dave & Tems,63,2026-03-21
Wish I Didn't,Megan Moroney,64,2026-03-21
Travelin' Soldier,Cody Johnson,65,2026-03-21
Say Why,Zach Bryan,66,2026-03-21
God Was Showing Off,Bruno Mars,67,2026-03-21
Butterflies.,Brent Faiyaz,68,2026-03-21
Cha Cha Cha,Bruno Mars,69,2026-03-21
Dance With Me,Bruno Mars,70,2026-03-21
Turn This Truck Around,Jordan Davis,71,2026-03-21
Ain't A Bad Life,Thomas Rhett Featuring Jordan Davis,72,2026-03-21
Ends Of The Earth,Ty Myers,73,2026-03-21
Elizabeth Taylor,Taylor Swift,74,2026-03-21
What He'll Never Have,Dylan Scott,75,2026-03-21
Why You Wanna Fight?,Bruno Mars,76,2026-03-21
Time's Ticking,Justin Moore,77,2026-03-21
Secondhand,Don Toliver Featuring Rema,78,2026-03-21
Nice To Each Other,Olivia Dean,79,2026-03-21
Plastic Cigarette,Zach Bryan,80,2026-03-21
I Thought I Saw Your Face Today,She & Him,81,2026-03-21
Who Knows,Daniel Caesar,82,2026-03-21
ATM,Don Toliver,83,2026-03-21
Medicine,Megan Moroney,84,2026-03-21
4 Raws,EsDeeKid,85,2026-03-21
How It's Done,"HUNTR/X: EJAE, Audrey Nuna & REI AMI",86,2026-03-21
FDO,Pooh Shiesty,87,2026-03-21
Tiramisu,Don Toliver,88,2026-03-21
On My Soul,Bruno Mars,89,2026-03-21
Earrings,Malcolm Todd,90,2026-03-21
Gemstone,Don Toliver,91,2026-03-21
Watching Us,Wale & Leon Thomas,92,2026-03-21
Something Serious,Bruno Mars,93,2026-03-21
Mrs. Trendsetter,Lil Baby,94,2026-03-21
Fame Is A Gun,Addison Rae,95,2026-03-21
Rocky Mountain Low,Corey Kent & Koe Wetzel,96,2026-03-21
You Stole The Show,Sienna Spiro,97,2026-03-21
BOO,H3adband,98,2026-03-21
In My Room,Julia Wolf,99,2026-03-21
B B B,Juvenile Featuring Genesisthegawd Or & Megan Thee Stallion,100,2026-03-21
Choosin' Texas,Ella Langley,1,2026-03-28
Man I Need,Olivia Dean,2,2026-03-28
I Just Might,Bruno Mars,3,2026-03-28
Ordinary,Alex Warren,4,2026-03-28
Golden,"HUNTR/X: EJAE, Audrey Nuna & REI AMI",5,2026-03-28
Stateside,PinkPantheress With Zara Larsson,6,2026-03-28
Opalite,Taylor Swift,7,2026-03-28
The Fate Of Ophelia,Taylor Swift,8,2026-03-28
So Easy (To Fall In Love),Olivia Dean,9,2026-03-28
American Girls,Harry Styles,10,2026-03-28
Folded,Kehlani,11,2026-03-28
Back To Friends,sombr,12,2026-03-28
Risk It All,Bruno Mars,13,2026-03-28
DTMF,Bad Bunny,14,2026-03-28
Sleepless In A Hotel Room,Luke Combs,15,2026-03-28
Be Her,Ella Langley,16,2026-03-28
Where Is My Husband!,RAYE,17,2026-03-28
Iloveitiloveitiloveit,Bella Kay,18,2026-03-28
Babydoll,Dominic Fike,19,2026-03-28
Porch Light,Noah Kahan,20,2026-03-28
E85,Don Toliver,21,2026-03-28
Aperture,Harry Styles,22,2026-03-28
Be By You,Luke Combs,23,2026-03-28
Yukon,Justin Bieber,24,2026-03-28
Dracula,Tame Impala & JENNIE,25,2026-03-28
Body,Don Toliver,26,2026-03-28
Homewrecker,sombr,27,2026-03-28
Die On This Hill,Sienna Spiro,28,2026-03-28
The Great Divide,Noah Kahan,29,2026-03-28
Amen,Shaboozey & Jelly Roll,30,2026-03-28
The Fall,Cody Johnson,31,2026-03-28
What You Saying,Lil Uzi Vert,32,2026-03-28
Fever Dream,Alex Warren,33,2026-03-28
Tit For Tat,Tate McRae,34,2026-03-28
Coming Up Roses,Harry Styles,35,2026-03-28
Let 'Em Know,T.I.,36,2026-03-28
Lush Life,Zara Larsson,37,2026-03-28
It Depends,Chris Brown Featuring Bryson Tiller,38,2026-03-28
Midnight Sun,Zara Larsson,39,2026-03-28
White Keys,Dominic Fike,40,2026-03-28
"Ready, Steady, Go!",Harry Styles,41,2026-03-28
Taste Back,Harry Styles,42,2026-03-28
The Visitor,Sienna Spiro,43,2026-03-28
Brunette,Tucker Wetmore,44,2026-03-28
Motion Party,BossMan Dlow,45,2026-03-28
Days Like These,Luke Combs,46,2026-03-28
McArthur,"HARDY, Eric Church, Morgan Wallen & Tim McGraw",47,2026-03-28
Pop Dat Thang,DaBaby,48,2026-03-28
Change My Mind,Riley Green,49,2026-03-28
Chanel,Tyla,50,2026-03-28
I Ain't Coming Back,Morgan Wallen Featuring Post Malone,51,2026-03-28
When Did You Get Hot?,Sabrina Carpenter,52,2026-03-28
Raindance,Dave & Tems,53,2026-03-28
Pop,Harry Styles,54,2026-03-28
Dry Spell,Kacey Musgraves,55,2026-03-28
Dandelion,Ella Langley,56,2026-03-28
Are You Listening Yet?,Harry Styles,57,2026-03-28
Dance No More,Harry Styles,58,2026-03-28
Elizabeth Taylor,Taylor Swift,59,2026-03-28
The Waiting Game,Harry Styles,60,2026-03-28
Beautiful Things,Megan Moroney,61,2026-03-28
Wish I Didn't,Megan Moroney,62,2026-03-28
Carla's Song,Harry Styles,63,2026-03-28
In My Room,Julia Wolf,64,2026-03-28
Ain't A Bad Life,Thomas Rhett Featuring Jordan Davis,65,2026-03-28
What He'll Never Have,Dylan Scott,66,2026-03-28
Season 2 Weight Loss,Harry Styles,67,2026-03-28
Say Why,Zach Bryan,68,2026-03-28
Turn This Truck Around,Jordan Davis,69,2026-03-28
Travelin' Soldier,Cody Johnson,70,2026-03-28
Time's Ticking,Justin Moore,71,2026-03-28
Ends Of The Earth,Ty Myers,72,2026-03-28
Zoo,Shakira,73,2026-03-28
Butterflies.,Brent Faiyaz,74,2026-03-28
Breathe,Malcolm Todd,75,2026-03-28
Watching Us,Wale & Leon Thomas,76,2026-03-28
Rein Me In,Sam Fender & Olivia Dean,77,2026-03-28
Wedding Dress,Megan Moroney,78,2026-03-28
Secondhand,Don Toliver Featuring Rema,79,2026-03-28
Plastic Cigarette,Zach Bryan,80,2026-03-28
Mrs. Trendsetter,Lil Baby,81,2026-03-28
Who Knows,Daniel Caesar,82,2026-03-28
ATM,Don Toliver,83,2026-03-28
All I Did Was Dream of You,beabadoobee Featuring The Marias,84,2026-03-28
Woman,Kane Brown,85,2026-03-28
FDO,Pooh Shiesty,86,2026-03-28
Paint By Numbers,Harry Styles,87,2026-03-28
Tiramisu,Don Toliver,88,2026-03-28
You Stole The Show,Sienna Spiro,89,2026-03-28
I Ain't No Cowboy,Luke Combs,90,2026-03-28
Trade Places,Jack Harlow,91,2026-03-28
Earrings,Malcolm Todd,92,2026-03-28
4 Raws,EsDeeKid,93,2026-03-28
Ever Since U Left Me,Max B & French Montana,94,2026-03-28
I Thought I Saw Your Face Today,She & Him,95,2026-03-28
Dano,Peso Pluma & Tito Double P,96,2026-03-28
Stay Here 4 Life,A$AP Rocky Featuring Brent Faiyaz,97,2026-03-28
Don't We,Morgan Wallen,98,2026-03-28
BOO,H3adband,99,2026-03-28
Call Back,Don Toliver,100,2026-03-28
Swim,BTS,1,2026-04-04
Choosin' Texas,Ella Langley,2,2026-04-04
Man I Need,Olivia Dean,3,2026-04-04
I Just Might,Bruno Mars,4,2026-04-04
Ordinary,Alex Warren,5,2026-04-04
Golden,"HUNTR/X: EJAE, Audrey Nuna & REI AMI",6,2026-04-04
So Easy (To Fall In Love),Olivia Dean,7,2026-04-04
Stateside,PinkPantheress With Zara Larsson,8,2026-04-04
The Fate Of Ophelia,Taylor Swift,9,2026-04-04
Folded,Kehlani,10,2026-04-04
Sleepless In A Hotel Room,Luke Combs,11,2026-04-04
Opalite,Taylor Swift,12,2026-04-04
Be Her,Ella Langley,13,2026-04-04
Back To Friends,sombr,14,2026-04-04
Risk It All,Bruno Mars,15,2026-04-04
Babydoll,Dominic Fike,16,2026-04-04
Where Is My Husband!,RAYE,17,2026-04-04
Be By You,Luke Combs,18,2026-04-04
American Girls,Harry Styles,19,2026-04-04
Iloveitiloveitiloveit,Bella Kay,20,2026-04-04
E85,Don Toliver,21,2026-04-04
DTMF,Bad Bunny,22,2026-04-04
Yukon,Justin Bieber,23,2026-04-04
Dracula,Tame Impala & JENNIE,24,2026-04-04
Body To Body,BTS,25,2026-04-04
Homewrecker,sombr,26,2026-04-04
Body,Don Toliver,27,2026-04-04
Amen,Shaboozey & Jelly Roll,28,2026-04-04
Die On This Hill,Sienna Spiro,29,2026-04-04
The Fall,Cody Johnson,30,2026-04-04
Days Like These,Luke Combs,31,2026-04-04
White Keys,Dominic Fike,32,2026-04-04
Fever Dream,Alex Warren,33,2026-04-04
What You Saying,Lil Uzi Vert,34,2026-04-04
Hooligan,BTS,35,2026-04-04
FYA,BTS,36,2026-04-04
The Great Divide,Noah Kahan,37,2026-04-04
Change My Mind,Riley Green,38,2026-04-04
Aperture,Harry Styles,39,2026-04-04
Let 'Em Know,T.I.,40,2026-04-04
Normal,BTS,41,2026-04-04
Porch Light,Noah Kahan,42,2026-04-04
Tit For Tat,Tate McRae,43,2026-04-04
Lush Life,Zara Larsson,44,2026-04-04
Pop Dat Thang,DaBaby,45,2026-04-04
Rethink Some Things,Luke Combs,46,2026-04-04
Aliens,BTS,47,2026-04-04
Motion Party,BossMan Dlow,48,2026-04-04
Midnight Sun,Zara Larsson,49,2026-04-04
2.0,BTS,50,2026-04-04
Brunette,Tucker Wetmore,51,2026-04-04
Merry Go Round,BTS,52,2026-04-04
Like Animals,BTS,53,2026-04-04
McArthur,"HARDY, Eric Church, Morgan Wallen & Tim McGraw",54,2026-04-04
Loving Life Again,Ella Langley,55,2026-04-04
They Don't Know 'bout Us,BTS,56,2026-04-04
Raindance,Dave & Tems,57,2026-04-04
When Did You Get Hot?,Sabrina Carpenter,58,2026-04-04
Chanel,Tyla,59,2026-04-04
Dandelion,Ella Langley,60,2026-04-04
One More Night,BTS,61,2026-04-04
The Visitor,Sienna Spiro,62,2026-04-04
Please,BTS,63,2026-04-04
Coming Up Roses,Harry Styles,64,2026-04-04
Elizabeth Taylor,Taylor Swift,65,2026-04-04
I Ain't Coming Back,Morgan Wallen Featuring Post Malone,66,2026-04-04
In My Room,Julia Wolf,67,2026-04-04
Into The Sun,BTS,68,2026-04-04
Taste Back,Harry Styles,69,2026-04-04
"Ready, Steady, Go!",Harry Styles,70,2026-04-04
Ain't A Bad Life,Thomas Rhett Featuring Jordan Davis,71,2026-04-04
Beautiful Things,Megan Moroney,72,2026-04-04
Turn This Truck Around,Jordan Davis,73,2026-04-04
What He'll Never Have,Dylan Scott,74,2026-04-04
Time's Ticking,Justin Moore,75,2026-04-04
Ends Of The Earth,Ty Myers,76,2026-04-04
Travelin' Soldier,Cody Johnson,77,2026-04-04
Rein Me In,Sam Fender & Olivia Dean,78,2026-04-04
Say Why,Zach Bryan,79,2026-04-04
Dry Spell,Kacey Musgraves,80,2026-04-04
Zoo,Shakira,81,2026-04-04
Can't Sit Still,Lainey Wilson,82,2026-04-04
Who Knows,Daniel Caesar,83,2026-04-04
Mrs. Trendsetter,Lil Baby,84,2026-04-04
Earrings,Malcolm Todd,85,2026-04-04
Watching Us,Wale & Leon Thomas,86,2026-04-04
Dano,Peso Pluma & Tito Double P,87,2026-04-04
Don't We,Morgan Wallen,88,2026-04-04
Plastic Cigarette,Zach Bryan,89,2026-04-04
Go Away,Weezer,90,2026-04-04
Freakin' Out,Dexter And The Moonrocks,91,2026-04-04
Secondhand,Don Toliver Featuring Rema,92,2026-04-04
ATM,Don Toliver,93,2026-04-04
I Ain't No Cowboy,Luke Combs,94,2026-04-04
FDO,Pooh Shiesty,95,2026-04-04
Tiramisu,Don Toliver,96,2026-04-04
Pop,Harry Styles,97,2026-04-04
What You Need,Tems,98,2026-04-04
Butterflies.,Brent Faiyaz,99,2026-04-04
Ever Since U Left Me,Max B & French Montana,100,2026-04-04
Choosin' Texas,Ella Langley,1,2026-04-11
Swim,BTS,2,2026-04-11
Man I Need,Olivia Dean,3,2026-04-11
I Just Might,Bruno Mars,4,2026-04-11
Ordinary,Alex Warren,5,2026-04-11
So Easy (To Fall In Love),Olivia Dean,6,2026-04-11
Golden,"HUNTR/X: EJAE, Audrey Nuna & REI AMI",7,2026-04-11
Stateside,PinkPantheress With Zara Larsson,8,2026-04-11
The Fate Of Ophelia,Taylor Swift,9,2026-04-11
Folded,Kehlani,10,2026-04-11
Where Is My Husband!,RAYE,11,2026-04-11
Be Her,Ella Langley,12,2026-04-11
Opalite,Taylor Swift,13,2026-04-11
Sleepless In A Hotel Room,Luke Combs,14,2026-04-11
Risk It All,Bruno Mars,15,2026-04-11
Babydoll,Dominic Fike,16,2026-04-11
Iloveitiloveitiloveit,Bella Kay,17,2026-04-11
Dracula,Tame Impala & JENNIE,18,2026-04-11
E85,Don Toliver,19,2026-04-11
Yukon,Justin Bieber,20,2026-04-11
Father,Ye & Travis Scott,21,2026-04-11
Be By You,Luke Combs,22,2026-04-11
American Girls,Harry Styles,23,2026-04-11
DTMF,Bad Bunny,24,2026-04-11
Homewrecker,sombr,25,2026-04-11
Body,Don Toliver,26,2026-04-11
All The Love,Ye & Andre Troutman,27,2026-04-11
The Fall,Cody Johnson,28,2026-04-11
Die On This Hill,Sienna Spiro,29,2026-04-11
Change My Mind,Riley Green,30,2026-04-11
Pop Dat Thang,DaBaby,31,2026-04-11
White Keys,Dominic Fike,32,2026-04-11
Fever Dream,Alex Warren,33,2026-04-11
Let 'Em Know,T.I.,34,2026-04-11
Elizabeth Taylor,Taylor Swift,35,2026-04-11
Lush Life,Zara Larsson,36,2026-04-11
What You Saying,Lil Uzi Vert,37,2026-04-11
The Great Divide,Noah Kahan,38,2026-04-11
Days Like These,Luke Combs,39,2026-04-11
King,Ye,40,2026-04-11
Motion Party,BossMan Dlow,41,2026-04-11
Body To Body,BTS,42,2026-04-11
Midnight Sun,Zara Larsson,43,2026-04-11
Punch Drunk,Ye,44,2026-04-11
Brunette,Tucker Wetmore,45,2026-04-11
Loving Life Again,Ella Langley,46,2026-04-11
McArthur,"HARDY, Eric Church, Morgan Wallen & Tim McGraw",47,2026-04-11
Porch Light,Noah Kahan,48,2026-04-11
Whatever Works,Ye,49,2026-04-11
When Did You Get Hot?,Sabrina Carpenter,50,2026-04-11
This A Must,Ye,51,2026-04-11
Raindance,Dave & Tems,52,2026-04-11
Chanel,Tyla,53,2026-04-11
Dandelion,Ella Langley,54,2026-04-11
Rethink Some Things,Luke Combs,55,2026-04-11
I Ain't Coming Back,Morgan Wallen Featuring Post Malone,56,2026-04-11
Preacher Man,Ye,57,2026-04-11
Aperture,Harry Styles,58,2026-04-11
Mama's Favorite,Ye,59,2026-04-11
In My Room,Julia Wolf,60,2026-04-11
Bully,Ye & CeeLo Green,61,2026-04-11
Highs And Lows,Ye,62,2026-04-11
Time's Ticking,Justin Moore,63,2026-04-11
Hooligan,BTS,64,2026-04-11
Earrings,Malcolm Todd,65,2026-04-11
What He'll Never Have,Dylan Scott,66,2026-04-11
Sisters And Brothers,Ye,67,2026-04-11
Ain't A Bad Life,Thomas Rhett Featuring Jordan Davis,68,2026-04-11
"Younger You (From The ""Hannah Montana 20th Anniversary Special"")",Miley Cyrus,69,2026-04-11
Turn This Truck Around,Jordan Davis,70,2026-04-11
Beautiful Things,Megan Moroney,71,2026-04-11
I Can't Wait,Ye,72,2026-04-11
Normal,BTS,73,2026-04-11
FYA,BTS,74,2026-04-11
2.0,BTS,75,2026-04-11
Ends Of The Earth,Ty Myers,76,2026-04-11
Freakin' Out,Dexter And The Moonrocks,77,2026-04-11
Rein Me In,Sam Fender & Olivia Dean,78,2026-04-11
Coming Up Roses,Harry Styles,79,2026-04-11
The Visitor,Sienna Spiro,80,2026-04-11
Last Breath,Ye & Peso Pluma,81,2026-04-11
White Lines,Ye & Andre Troutman,82,2026-04-11
Go Away,Weezer,83,2026-04-11
Aliens,BTS,84,2026-04-11
Beauty And The Beast,Ye,85,2026-04-11
Don't We,Morgan Wallen,86,2026-04-11
Circles,Ye,87,2026-04-11
Dry Spell,Kacey Musgraves,88,2026-04-11
What You Need,Tems,89,2026-04-11
Like Animals,BTS,90,2026-04-11
Zoo,Shakira,91,2026-04-11
Dano,Peso Pluma & Tito Double P,92,2026-04-11
Who Knows,Daniel Caesar,93,2026-04-11
They Don't Know 'bout Us,BTS,94,2026-04-11
Mrs. Trendsetter,Lil Baby,95,2026-04-11
Merry Go Round,BTS,96,2026-04-11
Griddle,Yeat & Don Toliver,97,2026-04-11
Silent Treatment,Freya Skye,98,2026-04-11
Taste Back,Harry Styles,99,2026-04-11
Plastic Cigarette,Zach Bryan,100,2026-04-11
