Name,Birth_year,Category,Prize_year,Amount,Birth_country,Gender
A. Michael Spence,1943,Economic Sciences,2001,10000000,USA,male
Aage N. Bohr,1922,Physics,1975,630000,Denmark,male
Aaron Ciechanover,1947,Chemistry,2004,10000000,British Protectorate of Palestine,male
Aaron Klug,1926,Chemistry,1982,1150000,Lithuania,male
Abdulrazak Gurnah,1948,Literature,2021,10000000,NA,male
Abdus Salam,1926,Physics,1979,800000,India,male
Abhijit Banerjee,1961,Economic Sciences,2019,9000000,India,male
Abiy Ahmed Ali,1976,Peace,2019,9000000,Ethiopia,male
Ada E. Yonath,1939,Chemistry,2009,10000000,British Mandate of Palestine,female
Adam G. Riess,1969,Physics,2011,10000000,USA,male
Adolf Butenandt,1903,Chemistry,1939,148822,Germany,male
Adolf von Baeyer,1835,Chemistry,1905,138089,Prussia,male
Adolf Windaus,1876,Chemistry,1928,156939,Germany,male
Adolfo Pérez Esquivel,1931,Peace,1980,880000,Argentina,male
Ahmed Zewail,1946,Chemistry,1999,7900000,Egypt,male
Akira Suzuki,1930,Chemistry,2010,10000000,Japan,male
Akira Yoshino,1948,Chemistry,2019,9000000,Japan,male
Al Gore,1948,Peace,2007,10000000,USA,male
Alain Aspect,1947,Physics,2022,10000000,France,male
Alan Heeger,1936,Chemistry,2000,9000000,USA,male
Alan Hodgkin,1914,Physiology or Medicine,1963,265000,United Kingdom,male
Alan MacDiarmid,1927,Chemistry,2000,9000000,New Zealand,male
Albert A. Michelson,1852,Physics,1907,138796,Prussia,male
Albert Camus,1913,Literature,1957,208629,French Algeria,male
Albert Claude,1898,Physiology or Medicine,1974,550000,Belgium,male
Albert Einstein,1879,Physics,1921,121573,Germany,male
Albert Fert,1938,Physics,2007,10000000,France,male
Albert Gobat,1843,Peace,1902,141847,Switzerland,male
Albert Lutuli,1898,Peace,1960,225987,Southern Rhodesia,male
Albert Schweitzer,1875,Peace,1952,171135,Germany,male
Albert Szent-Györgyi,1893,Physiology or Medicine,1937,158463,Austria-Hungary,male
Albrecht Kossel,1853,Physiology or Medicine,1910,140703,Mecklenburg,male
Aleksandr M. Prokhorov,1916,Physics,1964,273000,Australia,male
Aleksandr Solzhenitsyn,1918,Literature,1970,400000,Russia,male
Aleksey Yekimov ,1945,Chemistry,2023,11000000,USSR,male
Ales Bialiatski,1962,Peace,2022,10000000,Russia,male
Alexei Abrikosov,1928,Physics,2003,10000000,USSR,male
Alexis Carrel,1873,Physiology or Medicine,1912,140476,France,male
Alfonso García Robles,1911,Peace,1982,1150000,Mexico,male
Alfred D. Hershey,1908,Physiology or Medicine,1969,375000,USA,male
Alfred Fried,1864,Peace,1911,140695,Austria,male
Alfred G. Gilman,1941,Physiology or Medicine,1994,7000000,USA,male
Alfred Kastler,1902,Physics,1966,300000,Germany,male
Alfred Werner,1866,Chemistry,1913,143010,France,male
Alice Munro,1931,Literature,2013,8000000,Canada,female
Allan M. Cormack,1924,Physiology or Medicine,1979,800000,South Africa,male
Allvar Gullstrand,1862,Physiology or Medicine,1911,140695,Sweden,male
Alphonse Laveran,1845,Physiology or Medicine,1907,138796,France,male
Alva Myrdal,1902,Peace,1982,1150000,Sweden,female
Alvin E. Roth,1951,Economic Sciences,2012,8000000,USA,male
Amartya Sen,1933,Economic Sciences,1998,7600000,India,male
NA,NA,Peace,1947,146115,NA,NA
NA,NA,Peace,1977,700000,NA,NA
Anatole France,1844,Literature,1921,121573,France,male
André F. Cournand,1895,Physiology or Medicine,1956,200123,France,male
Andre Geim,1958,Physics,2010,10000000,Russia,male
André Gide,1869,Literature,1947,146115,France,male
André Lwoff,1902,Physiology or Medicine,1965,282000,France,male
Andrea Ghez,1965,Physics,2020,10000000,USA,female
Andrei Sakharov,1921,Peace,1975,630000,Russia,male
Andrew Huxley,1917,Physiology or Medicine,1963,265000,United Kingdom,male
Andrew V. Schally,1926,Physiology or Medicine,1977,700000,Poland,male
Andrew Z. Fire,1959,Physiology or Medicine,2006,10000000,USA,male
Angus Deaton,1945,Economic Sciences,2015,8000000,Scotland,male
Anne L’Huillier,1958,Physics,2023,11000000,France,female
Annie Ernaux,1940,Literature,2022,10000000,France,female
Anthony J. Leggett,1938,Physics,2003,10000000,United Kingdom,male
Anton Zeilinger,1945,Physics,2022,10000000,Austria,male
Antony Hewish,1924,Physics,1974,550000,United Kingdom,male
Anwar al-Sadat,1918,Peace,1978,725000,Egypt,male
Archer J.P. Martin,1910,Chemistry,1952,171135,United Kingdom,male
Archibald V. Hill,1886,Physiology or Medicine,1922,122483,United Kingdom,male
Ardem Patapoutian,1967,Physiology or Medicine,2021,10000000,Lebanon,male
Arieh Warshel,1940,Chemistry,2013,8000000,British Mandate of Palestine,male
Aristide Briand,1862,Peace,1926,116960,France,male
Arne Tiselius,1902,Chemistry,1948,159773,Sweden,male
Arno Penzias,1933,Physics,1978,725000,Germany,male
Arthur Ashkin,1922,Physics,2018,9000000,USA,male
Arthur B. McDonald,1943,Physics,2015,8000000,Canada,male
Arthur H. Compton,1892,Physics,1927,126501,USA,male
Arthur Harden,1865,Chemistry,1929,172760,United Kingdom,male
Arthur Henderson,1863,Peace,1934,162608,Scotland,male
Arthur Kornberg,1918,Physiology or Medicine,1959,220678,USA,male
Arthur L. Schawlow,1921,Physics,1981,1000000,USA,male
Artturi Virtanen,1895,Chemistry,1945,121333,Russian Empire,male
Arvid Carlsson,1923,Physiology or Medicine,2000,9000000,Sweden,male
August Krogh,1874,Physiology or Medicine,1920,134100,Denmark,male
Auguste Beernaert,1829,Peace,1909,139800,Belgium,male
Aung San Suu Kyi,1945,Peace,1991,6000000,Burma,female
Avram Hershko,1937,Chemistry,2004,10000000,Hungary,male
Aziz Sancar,1946,Chemistry,2015,8000000,Turkey,male
Barack H. Obama,1961,Peace,2009,10000000,USA,male
Barbara McClintock,1902,Physiology or Medicine,1983,1500000,USA,female
Barry C. Barish,1936,Physics,2017,9000000,USA,male
Barry J. Marshall,1951,Physiology or Medicine,2005,10000000,Australia,male
Baruch S. Blumberg,1925,Physiology or Medicine,1976,681000,USA,male
Baruj Benacerraf,1920,Physiology or Medicine,1980,880000,Venezuela,male
Ben Bernanke,1953,Economic Sciences,2022,10000000,USA,male
Ben R. Mottelson,1926,Physics,1975,630000,USA,male
Bengt Holmström,1949,Economic Sciences,2016,8000000,Finland,male
Bengt I. Samuelsson,1934,Physiology or Medicine,1982,1150000,Sweden,male
Benjamin List,1968,Chemistry,2021,10000000,Germany,male
Bernard L. Feringa,1951,Chemistry,2016,8000000,the Netherlands,male
Bernardo Houssay,1887,Physiology or Medicine,1947,146115,Argentina,male
Bert Sakmann,1942,Physiology or Medicine,1991,6000000,Germany,male
Bertha von Suttner,1843,Peace,1905,138089,Austrian Empire,female
Bertil Ohlin,1899,Economic Sciences,1977,700000,Sweden,male
Bertram N. Brockhouse,1918,Physics,1994,7000000,Canada,male
Bertrand Russell,1872,Literature,1950,164304,United Kingdom,male
Betty Williams,1943,Peace,1976,681000,Northern Ireland,female
Bjørnstjerne Bjørnson,1832,Literature,1903,141358,Norway,male
Bob Dylan,1941,Literature,2016,8000000,USA,male
Boris Pasternak,1890,Literature,1958,214559,Russia,male
Brian D. Josephson,1940,Physics,1973,510000,United Kingdom,male
Brian Kobilka,1955,Chemistry,2012,8000000,USA,male
Brian P. Schmidt,1967,Physics,2011,10000000,USA,male
Bruce A. Beutler,1957,Physiology or Medicine,2011,10000000,USA,male
Bruce Merrifield,1921,Chemistry,1984,1650000,USA,male
Burton Richter,1931,Physics,1976,681000,USA,male
C.T.R. Wilson,1869,Physics,1927,126501,Scotland,male
Camillo Golgi,1843,Physiology or Medicine,1906,138536,Italy,male
Camilo José Cela,1916,Literature,1989,3000000,Spain,male
Carl Bosch,1874,Chemistry,1931,173206,Germany,male
Carl Cori,1896,Physiology or Medicine,1947,146115,Austria-Hungary,male
Carl D. Anderson,1905,Physics,1936,159850,USA,male
Carl Spitteler,1845,Literature,1919,133127,Switzerland,male
Carl von Ossietzky,1889,Peace,1935,159917,Germany,male
Carl Wieman,1951,Physics,2001,10000000,USA,male
Carlo Rubbia,1934,Physics,1984,1650000,Italy,male
Carlos Filipe Ximenes Belo,1948,Peace,1996,7400000,East Timor,male
Carlos Saavedra Lamas,1878,Peace,1936,159850,Argentina,male
Carol W. Greider,1961,Physiology or Medicine,2009,10000000,USA,female
Carolyn Bertozzi,1966,Chemistry,2022,10000000,USA,female
Cecil Powell,1903,Physics,1950,164304,United Kingdom,male
NA,NA,Peace,2022,10000000,NA,NA
César Milstein,1927,Physiology or Medicine,1984,1650000,Argentina,male
Charles B. Huggins,1901,Physiology or Medicine,1966,300000,Canada,male
Charles Edouard Guillaume,1861,Physics,1920,134100,Switzerland,male
Charles G. Dawes,1865,Peace,1925,118165,USA,male
Charles Glover Barkla,1877,Physics,1917,133823,United Kingdom,male
Charles H. Townes,1915,Physics,1964,273000,USA,male
Charles J. Pedersen,1904,Chemistry,1987,2175000,Korea,male
Charles K. Kao,1933,Physics,2009,10000000,China,male
Charles M. Rice,1952,Physiology or Medicine,2020,10000000,USA,male
Charles Nicolle,1866,Physiology or Medicine,1928,156939,France,male
Charles Richet,1850,Physiology or Medicine,1913,143010,France,male
Chen Ning Yang,1922,Physics,1957,208629,China,male
Christiaan Eijkman,1858,Physiology or Medicine,1929,172760,the Netherlands,male
Christian Anfinsen,1916,Chemistry,1972,480000,USA,male
Christian de Duve,1917,Physiology or Medicine,1974,550000,United Kingdom,male
Christian Lange,1869,Peace,1921,121573,Norway,male
Christiane Nüsslein-Volhard,1942,Physiology or Medicine,1995,7200000,Germany,female
Christopher A. Pissarides,1948,Economic Sciences,2010,10000000,Cyprus,male
Christopher A. Sims,1942,Economic Sciences,2011,10000000,USA,male
Claude Cohen-Tannoudji,1933,Physics,1997,7500000,French Algeria,male
Claude Simon,1913,Literature,1985,1800000,Madagascar,male
Claudia Goldin,1946,Economic Sciences,2023,11000000,USA,female
Clifford G. Shull,1915,Physics,1994,7000000,USA,male
Clinton Davisson,1881,Physics,1937,158463,USA,male
Clive W.J. Granger,1934,Economic Sciences,2003,10000000,United Kingdom,male
Cordell Hull,1871,Peace,1945,121333,USA,male
Corneille Heymans,1892,Physiology or Medicine,1938,155077,Belgium,male
Craig C. Mello,1960,Physiology or Medicine,2006,10000000,USA,male
Czesław Miłosz,1911,Literature,1980,880000,Russian Empire,male
D. Carleton Gajdusek,1923,Physiology or Medicine,1976,681000,USA,male
Dag Hammarskjöld,1905,Peace,1961,250233,Sweden,male
Dale T. Mortensen,1939,Economic Sciences,2010,10000000,USA,male
Dan Shechtman,1941,Chemistry,2011,10000000,British Mandate of Palestine,male
Daniel Bovet,1907,Physiology or Medicine,1957,208629,Switzerland,male
Daniel C. Tsui,1939,Physics,1998,7600000,China,male
Daniel Kahneman,1934,Economic Sciences,2002,10000000,British Mandate of Palestine,male
Daniel L. McFadden,1937,Economic Sciences,2000,9000000,USA,male
Daniel Nathans,1928,Physiology or Medicine,1978,725000,USA,male
Dario Fo,1926,Literature,1997,7500000,Italy,male
Daron Acemoglu,1967,Economic Sciences,2024,11000000,Turkey,male
David Baker,1962,Chemistry,2024,11000000,USA,male
David Baltimore,1938,Physiology or Medicine,1975,630000,USA,male
David Card,1956,Economic Sciences,2021,10000000,Canada,male
David H. Hubel,1926,Physiology or Medicine,1981,1000000,Canada,male
David J. Gross,1941,Physics,2004,10000000,USA,male
David J. Thouless,1934,Physics,2016,8000000,United Kingdom,male
David J. Wineland,1944,Physics,2012,8000000,USA,male
David Julius,1955,Physiology or Medicine,2021,10000000,USA,male
David M. Lee,1931,Physics,1996,7400000,USA,male
David Trimble,1944,Peace,1998,7600000,Northern Ireland,male
David W.C. MacMillan,1968,Chemistry,2021,10000000,United Kingdom,male
Demis Hassabis,1976,Chemistry,2024,11000000,United Kingdom,male
Denis Mukwege,1955,Peace,2018,9000000,Belgian Congo,male
Dennis Gabor,1900,Physics,1971,450000,Hungary,male
Derek Barton,1918,Chemistry,1969,375000,United Kingdom,male
Derek Walcott,1930,Literature,1992,6500000,Saint Lucia,male
Desmond Tutu,1931,Peace,1984,1650000,South Africa,male
Dickinson W. Richards,1895,Physiology or Medicine,1956,200123,USA,male
Didier Queloz,1966,Physics,2019,9000000,Switzerland,male
Dmitry Muratov,1961,Peace,2021,10000000,USSR,male
NA,NA,Peace,1999,7900000,NA,NA
Donald A. Glaser,1926,Physics,1960,225987,USA,male
Donald J. Cram,1919,Chemistry,1987,2175000,USA,male
Donna Strickland,1959,Physics,2018,9000000,Canada,female
Doris Lessing,1919,Literature,2007,10000000,Persia,female
Dorothy Crowfoot Hodgkin,1910,Chemistry,1964,273000,Egypt,female
Douglas D. Osheroff,1945,Physics,1996,7400000,USA,male
Douglas Diamond,1953,Economic Sciences,2022,10000000,USA,male
Douglass C. North,1920,Economic Sciences,1993,6700000,USA,male
Drew Weissman,1959,Physiology or Medicine,2023,11000000,USA,male
Dudley R. Herschbach,1932,Chemistry,1986,2000000,USA,male
E. Donnall Thomas,1920,Physiology or Medicine,1990,4000000,USA,male
E. M. Purcell,1912,Physics,1952,171135,USA,male
"Earl W. Sutherland, Jr.",1915,Physiology or Medicine,1971,450000,USA,male
Edgar Adrian,1889,Physiology or Medicine,1932,171753,United Kingdom,male
Edmond H. Fischer,1920,Physiology or Medicine,1992,6500000,China,male
Edmund S. Phelps,1933,Economic Sciences,2006,10000000,USA,male
Eduard Buchner,1860,Chemistry,1907,138796,Bavaria,male
Edvard I. Moser,1962,Physiology or Medicine,2014,8000000,Norway,male
Edward A. Doisy,1893,Physiology or Medicine,1943,123691,USA,male
Edward B. Lewis,1918,Physiology or Medicine,1995,7200000,USA,male
Edward C. Kendall,1886,Physiology or Medicine,1950,164304,USA,male
Edward C. Prescott,1940,Economic Sciences,2004,10000000,USA,male
Edward Tatum,1909,Physiology or Medicine,1958,214559,USA,male
Edward V. Appleton,1892,Physics,1947,146115,United Kingdom,male
Edwin G. Krebs,1918,Physiology or Medicine,1992,6500000,USA,male
Edwin M. McMillan,1907,Chemistry,1951,167612,USA,male
Egas Moniz,1874,Physiology or Medicine,1949,156290,Portugal,male
Ei-ichi Negishi,1935,Chemistry,2010,10000000,China,male
Eisaku Satō,1901,Peace,1974,550000,Japan,male
Elfriede Jelinek,1946,Literature,2004,10000000,Austria,female
Elias Canetti,1905,Literature,1981,1000000,Bulgaria,male
Elias James Corey,1928,Chemistry,1990,4000000,USA,male
Élie Ducommun,1833,Peace,1902,141847,Switzerland,male
Elie Wiesel,1928,Peace,1986,2000000,Romania,male
Elihu Root,1845,Peace,1912,140476,USA,male
Elinor Ostrom,1933,Economic Sciences,2009,10000000,USA,female
Elizabeth H. Blackburn,1948,Physiology or Medicine,2009,10000000,Australia,female
Ellen Johnson Sirleaf,1938,Peace,2011,10000000,Liberia,female
Emil Fischer,1852,Chemistry,1902,141847,Prussia,male
Emil von Behring,1854,Physiology or Medicine,1901,150782,Prussia,male
Emilio Segrè,1905,Physics,1959,220678,Italy,male
Emily Greene Balch,1867,Peace,1946,121524,USA,female
Emmanuelle Charpentier,1968,Chemistry,2020,10000000,France,female
Enrico Fermi,1901,Physics,1938,155077,Italy,male
Eric Betzig,1960,Chemistry,2014,8000000,USA,male
Eric Cornell,1961,Physics,2001,10000000,USA,male
Eric F. Wieschaus,1947,Physiology or Medicine,1995,7200000,USA,male
Eric Kandel,1929,Physiology or Medicine,2000,9000000,Austria,male
Eric S. Maskin,1950,Economic Sciences,2007,10000000,USA,male
Erik Axel Karlfeldt,1864,Literature,1931,173206,Sweden,male
Ernest Hemingway,1899,Literature,1954,181647,USA,male
Ernest Lawrence,1901,Physics,1939,148822,USA,male
Ernest Rutherford,1871,Chemistry,1908,139800,New Zealand,male
Ernest T.S. Walton,1903,Physics,1951,167612,Ireland,male
Ernesto Teodoro Moneta,1833,Peace,1907,138796,Austrian Empire,male
Ernst B. Chain,1906,Physiology or Medicine,1945,121333,Germany,male
Ernst Otto Fischer,1918,Chemistry,1973,510000,Germany,male
Ernst Ruska,1906,Physics,1986,2000000,Germany,male
Erwin Neher,1944,Physiology or Medicine,1991,6000000,Germany,male
Erwin Schrödinger,1887,Physics,1933,170332,Austria,male
Esther Duflo,1972,Economic Sciences,2019,9000000,France,female
Eugene F. Fama,1939,Economic Sciences,2013,8000000,USA,male
Eugene O'Neill,1888,Literature,1936,159850,USA,male
Eugene Wigner,1902,Physics,1963,265000,Austria-Hungary,male
Eugenio Montale,1896,Literature,1975,630000,Italy,male
NA,NA,Peace,2012,8000000,NA,NA
Eyvind Johnson,1900,Literature,1974,550000,Sweden,male
F. Duncan M. Haldane,1951,Physics,2016,8000000,United Kingdom,male
F. Sherwood Rowland,1927,Chemistry,1995,7200000,USA,male
F.W. de Klerk,1936,Peace,1993,6700000,South Africa,male
Felix Bloch,1905,Physics,1952,171135,Switzerland,male
Feodor Lynen,1911,Physiology or Medicine,1964,273000,Germany,male
Ferdinand Braun,1850,Physics,1909,139800,Hesse-Kassel,male
Ferdinand Buisson,1841,Peace,1927,126501,France,male
Ferenc Krausz,1962,Physics,2023,11000000,Hungary,male
Ferid Murad,1936,Physiology or Medicine,1998,7600000,USA,male
Finn E. Kydland,1943,Economic Sciences,2004,10000000,Norway,male
Frances H. Arnold,1956,Chemistry,2018,9000000,USA,female
Francis Crick,1916,Physiology or Medicine,1962,257220,United Kingdom,male
Francis W. Aston,1877,Chemistry,1922,122483,United Kingdom,male
Franco Modigliani,1918,Economic Sciences,1985,1800000,Italy,male
François Englert,1932,Physics,2013,8000000,Belgium,male
François Jacob,1920,Physiology or Medicine,1965,282000,France,male
François Mauriac,1885,Literature,1952,171135,France,male
Françoise Barré-Sinoussi,1947,Physiology or Medicine,2008,10000000,France,female
Frank B. Kellogg,1856,Peace,1929,172760,USA,male
Frank Wilczek,1951,Physics,2004,10000000,USA,male
Frans Eemil Sillanpää,1888,Literature,1939,148822,Russian Empire,male
Fred Ramsdell,1960,Physiology or Medicine,2025,11000000,USA,male
Frédéric Joliot,1900,Chemistry,1935,159917,France,male
Frédéric Mistral,1830,Literature,1904,140859,France,male
Frédéric Passy,1822,Peace,1901,150782,France,male
Frederick C. Robbins,1916,Physiology or Medicine,1954,181647,USA,male
Frederick G. Banting,1891,Physiology or Medicine,1923,114935,Canada,male
Frederick Reines,1918,Physics,1995,7200000,USA,male
Frederick Sanger,1918,Chemistry,1958,214559,United Kingdom,male
Frederick Soddy,1877,Chemistry,1921,121573,United Kingdom,male
Fredrik Bajer,1837,Peace,1908,139800,Denmark,male
Fridtjof Nansen,1861,Peace,1922,122483,Norway,male
Friedrich Bergius,1884,Chemistry,1931,173206,Germany,male
Friedrich von Hayek,1899,Economic Sciences,1974,550000,Austria,male
NA,NA,Peace,1947,146115,NA,NA
Frits Zernike,1888,Physics,1953,175293,the Netherlands,male
Fritz Haber,1868,Chemistry,1918,138198,Prussia,male
Fritz Lipmann,1899,Physiology or Medicine,1953,175293,Germany,male
Fritz Pregl,1869,Chemistry,1923,114935,Austria-Hungary,male
Gabriel García Márquez,1927,Literature,1982,1150000,Colombia,male
Gabriel Lippmann,1845,Physics,1908,139800,Luxembourg,male
Gabriela Mistral,1889,Literature,1945,121333,Chile,female
Gao Xingjian,1940,Literature,2000,9000000,China,male
Gary Becker,1930,Economic Sciences,1992,6500000,USA,male
Gary Ruvkun,1952,Physiology or Medicine,2024,11000000,USA,male
Geoffrey Hinton,1947,Physics,2024,11000000,United Kingdom,male
Geoffrey Wilkinson,1921,Chemistry,1973,510000,United Kingdom,male
Georg von Békésy,1899,Physiology or Medicine,1961,250233,Hungary,male
Georg Wittig,1897,Chemistry,1979,800000,Germany,male
George A. Akerlof,1940,Economic Sciences,2001,10000000,USA,male
George A. Olah,1927,Chemistry,1994,7000000,Hungary,male
George Beadle,1903,Physiology or Medicine,1958,214559,USA,male
George Bernard Shaw,1856,Literature,1925,118165,Ireland,male
George C. Marshall,1880,Peace,1953,175293,USA,male
George D. Snell,1903,Physiology or Medicine,1980,880000,USA,male
George de Hevesy,1885,Chemistry,1943,123691,Austria-Hungary,male
George E. Palade,1912,Physiology or Medicine,1974,550000,Romania,male
George E. Smith,1930,Physics,2009,10000000,USA,male
George F. Smoot,1945,Physics,2006,10000000,USA,male
George H. Hitchings,1905,Physiology or Medicine,1988,2500000,USA,male
George H. Whipple,1878,Physiology or Medicine,1934,162608,USA,male
George J. Stigler,1911,Economic Sciences,1982,1150000,USA,male
George P. Smith,1941,Chemistry,2018,9000000,USA,male
George Paget Thomson,1892,Physics,1937,158463,United Kingdom,male
George Porter,1920,Chemistry,1967,320000,United Kingdom,male
George R. Minot,1885,Physiology or Medicine,1934,162608,USA,male
George Wald,1906,Physiology or Medicine,1967,320000,USA,male
Georges Charpak,1924,Physics,1992,6500000,Poland,male
Georges J.F. Köhler,1946,Physiology or Medicine,1984,1650000,Germany,male
Georges Pire,1910,Peace,1958,214559,Belgium,male
Gerald M. Edelman,1929,Physiology or Medicine,1972,480000,USA,male
Gerard Debreu,1921,Economic Sciences,1983,1500000,France,male
Gérard Mourou,1944,Physics,2018,9000000,France,male
Gerardus 't Hooft,1946,Physics,1999,7900000,the Netherlands,male
Gerd Binnig,1947,Physics,1986,2000000,West Germany,male
Gerhard Domagk,1895,Physiology or Medicine,1939,148822,Germany,male
Gerhard Ertl,1936,Chemistry,2007,10000000,Germany,male
Gerhard Herzberg,1904,Chemistry,1971,450000,Germany,male
Gerhart Hauptmann,1862,Literature,1912,140476,Prussia,male
Gertrude B. Elion,1918,Physiology or Medicine,1988,2500000,USA,female
Gerty Cori,1896,Physiology or Medicine,1947,146115,Austria-Hungary,female
Giorgio Parisi,1948,Physics,2021,10000000,Italy,male
Giorgos Seferis,1900,Literature,1963,265000,Ottoman Empire,male
Giosuè Carducci,1835,Literature,1906,138536,Tuscany,male
Giulio Natta,1903,Chemistry,1963,265000,Italy,male
Glenn T. Seaborg,1912,Chemistry,1951,167612,USA,male
Godfrey N. Hounsfield,1919,Physiology or Medicine,1979,800000,United Kingdom,male
NA,NA,Peace,2006,10000000,NA,NA
Grazia Deledda,1871,Literature,1926,116960,Italy,female
Gregg L. Semenza,1956,Physiology or Medicine,2019,9000000,USA,male
Guglielmo Marconi,1874,Physics,1909,139800,Italy,male
Guido W. Imbens,1963,Economic Sciences,2021,10000000,the Netherlands,male
Gunnar Myrdal,1898,Economic Sciences,1974,550000,Sweden,male
Günter Blobel,1936,Physiology or Medicine,1999,7900000,Germany,male
Günter Grass,1927,Literature,1999,7900000,Free City of Danzig,male
Gustaf Dalén,1869,Physics,1912,140476,Sweden,male
Gustav Hertz,1887,Physics,1925,118165,Germany,male
Gustav Stresemann,1878,Peace,1926,116960,Germany,male
H. David Politzer,1949,Physics,2004,10000000,USA,male
H. Gobind Khorana,1922,Physiology or Medicine,1968,350000,India,male
H. Robert Horvitz,1947,Physiology or Medicine,2002,10000000,USA,male
Halldór Laxness,1902,Literature,1955,190214,Iceland,male
Hamilton O. Smith,1931,Physiology or Medicine,1978,725000,USA,male
Han Kang,1970,Literature,2024,11000000,South Korea,female
Hannes Alfvén,1908,Physics,1970,400000,Sweden,male
Hans Bethe,1906,Physics,1967,320000,Germany,male
Hans Fischer,1881,Chemistry,1930,172947,Germany,male
Hans G. Dehmelt,1922,Physics,1989,3000000,Prussia,male
Hans Krebs,1900,Physiology or Medicine,1953,175293,Germany,male
Hans Spemann,1869,Physiology or Medicine,1935,159917,Württemberg,male
Hans von Euler-Chelpin,1873,Chemistry,1929,172760,Germany,male
Harald zur Hausen,1936,Physiology or Medicine,2008,10000000,Germany,male
Harold C. Urey,1893,Chemistry,1934,162608,USA,male
Harold E. Varmus,1939,Physiology or Medicine,1989,3000000,USA,male
Harold Pinter,1930,Literature,2005,10000000,United Kingdom,male
Harry M. Markowitz,1927,Economic Sciences,1990,4000000,USA,male
Harry Martinson,1904,Literature,1974,550000,Sweden,male
Hartmut Michel,1948,Chemistry,1988,2500000,West Germany,male
Harvey J. Alter,1935,Physiology or Medicine,2020,10000000,USA,male
Heike Kamerlingh Onnes,1853,Physics,1913,143010,the Netherlands,male
Heinrich Böll,1917,Literature,1972,480000,Germany,male
Heinrich Rohrer,1933,Physics,1986,2000000,Switzerland,male
Heinrich Wieland,1877,Chemistry,1927,126501,Germany,male
Hendrik A. Lorentz,1853,Physics,1902,141847,the Netherlands,male
Henri Becquerel,1852,Physics,1903,141358,France,male
Henri Bergson,1859,Literature,1927,126501,France,male
Henri La Fontaine,1854,Peace,1913,143010,Belgium,male
Henri Moissan,1852,Chemistry,1906,138536,France,male
Henrik Dam,1895,Physiology or Medicine,1943,123691,Denmark,male
Henrik Pontoppidan,1857,Literature,1917,133823,Denmark,male
Henry Dunant,1828,Peace,1901,150782,Switzerland,male
Henry Kissinger,1923,Peace,1973,510000,Germany,male
Henry Taube,1915,Chemistry,1983,1500000,Canada,male
Henry W. Kendall,1926,Physics,1990,4000000,USA,male
Henryk Sienkiewicz,1846,Literature,1905,138089,Poland,male
Herbert A. Hauptman,1917,Chemistry,1985,1800000,USA,male
Herbert C. Brown,1912,Chemistry,1979,800000,United Kingdom,male
Herbert Kroemer,1928,Physics,2000,9000000,Germany,male
Herbert S. Gasser,1888,Physiology or Medicine,1944,121841,USA,male
Herbert Simon,1916,Economic Sciences,1978,725000,USA,male
Hermann Hesse,1877,Literature,1946,121524,Germany,male
Hermann J. Muller,1890,Physiology or Medicine,1946,121524,USA,male
Hermann Staudinger,1881,Chemistry,1953,175293,Germany,male
Herta Müller,1953,Literature,2009,10000000,Romania,female
Hideki Shirakawa,1936,Chemistry,2000,9000000,Japan,male
Hideki Yukawa,1907,Physics,1949,156290,Japan,male
Hiroshi Amano,1960,Physics,2014,8000000,Japan,male
Hjalmar Branting,1860,Peace,1921,121573,Sweden,male
Horst L. Störmer,1949,Physics,1998,7600000,West Germany,male
Howard M. Temin,1934,Physiology or Medicine,1975,630000,USA,male
Hugo Theorell,1903,Physiology or Medicine,1955,190214,Sweden,male
Igor Y. Tamm,1895,Physics,1958,214559,Russia,male
Il´ja M. Frank,1908,Physics,1958,214559,Russia,male
Ilya Mechnikov,1845,Physiology or Medicine,1908,139800,Russian Empire,male
Ilya Prigogine,1917,Chemistry,1977,700000,Russia,male
Imre Kertész,1929,Literature,2002,10000000,Hungary,male
NA,NA,Peace,1904,140859,NA,NA
NA,NA,Peace,2007,10000000,NA,NA
NA,NA,Peace,2005,10000000,NA,NA
NA,NA,Peace,2017,9000000,NA,NA
NA,NA,Peace,1997,7500000,NA,NA
NA,NA,Peace,1917,133823,NA,NA
NA,NA,Peace,1969,375000,NA,NA
NA,NA,Peace,1985,1800000,NA,NA
Irène Joliot-Curie,1897,Chemistry,1935,159917,France,female
Irving Langmuir,1881,Chemistry,1932,171753,USA,male
Irwin Rose,1926,Chemistry,2004,10000000,USA,male
Isaac Bashevis Singer,1904,Literature,1978,725000,Russian Empire,male
Isamu Akasaki,1929,Physics,2014,8000000,Japan,male
Isidor Isaac Rabi,1898,Physics,1944,121841,Austria-Hungary,male
Ivan Bunin,1870,Literature,1933,170332,Russia,male
Ivan Pavlov,1849,Physiology or Medicine,1904,140859,Russia,male
Ivar Giaever,1929,Physics,1973,510000,Norway,male
Ivo Andrić,1892,Literature,1961,250233,Bosnia,male
J. Georg Bednorz,1950,Physics,1987,2175000,West Germany,male
J. Hans D. Jensen,1907,Physics,1963,265000,Germany,male
J. M. Coetzee,1940,Literature,2003,10000000,South Africa,male
J. Michael Bishop,1936,Physiology or Medicine,1989,3000000,USA,male
J. Michael Kosterlitz,1943,Physics,2016,8000000,United Kingdom,male
J. Robin Warren,1937,Physiology or Medicine,2005,10000000,Australia,male
J.J. Thomson,1856,Physics,1906,138536,United Kingdom,male
Jacinto Benavente,1866,Literature,1922,122483,Spain,male
Jack Kilby,1923,Physics,2000,9000000,USA,male
Jack Steinberger,1921,Physics,1988,2500000,Germany,male
Jack W. Szostak,1952,Physiology or Medicine,2009,10000000,United Kingdom,male
Jacobus H. van 't Hoff,1852,Chemistry,1901,150782,the Netherlands,male
Jacques Dubochet,1942,Chemistry,2017,9000000,Switzerland,male
Jacques Monod,1910,Physiology or Medicine,1965,282000,France,male
James A. Mirrlees,1936,Economic Sciences,1996,7400000,Scotland,male
James A. Robinson,1960,Economic Sciences,2024,11000000,NA,male
James B. Sumner,1887,Chemistry,1946,121524,USA,male
James Chadwick,1891,Physics,1935,159917,United Kingdom,male
James Cronin,1931,Physics,1980,880000,USA,male
James E. Meade,1907,Economic Sciences,1977,700000,United Kingdom,male
James E. Rothman,1950,Physiology or Medicine,2013,8000000,USA,male
James Franck,1882,Physics,1925,118165,Germany,male
James J. Heckman,1944,Economic Sciences,2000,9000000,USA,male
James M. Buchanan Jr.,1919,Economic Sciences,1986,2000000,USA,male
James P. Allison,1948,Physiology or Medicine,2018,9000000,USA,male
James Peebles,1935,Physics,2019,9000000,Canada,male
James Rainwater,1917,Physics,1975,630000,USA,male
James Tobin,1918,Economic Sciences,1981,1000000,USA,male
James Watson,1928,Physiology or Medicine,1962,257220,USA,male
Jan Tinbergen,1903,Economic Sciences,1969,375000,the Netherlands,male
Jane Addams,1860,Peace,1931,173206,USA,female
Jaroslav Heyrovsky,1890,Chemistry,1959,220678,Austria-Hungary,male
Jaroslav Seifert,1901,Literature,1984,1650000,Austria-Hungary,male
Jean Baptiste Perrin,1870,Physics,1926,116960,France,male
Jean Dausset,1916,Physiology or Medicine,1980,880000,France,male
Jean Tirole,1953,Economic Sciences,2014,8000000,France,male
Jean-Marie Gustave Le Clézio,1940,Literature,2008,10000000,France,male
Jean-Marie Lehn,1939,Chemistry,1987,2175000,France,male
Jean-Paul Sartre,1905,Literature,1964,273000,France,male
Jean-Pierre Sauvage,1944,Chemistry,2016,8000000,France,male
Jeffrey C. Hall,1945,Physiology or Medicine,2017,9000000,USA,male
Jennifer A. Doudna,1964,Chemistry,2020,10000000,USA,female
Jens C. Skou,1918,Chemistry,1997,7500000,Denmark,male
Jerome I. Friedman,1930,Physics,1990,4000000,USA,male
Jerome Karle,1918,Chemistry,1985,1800000,USA,male
Jimmy Carter,1924,Peace,2002,10000000,USA,male
Joachim Frank,1940,Chemistry,2017,9000000,Germany,male
Jody Williams,1950,Peace,1997,7500000,USA,female
Joel Mokyr,1946,Economic Sciences,2025,11000000,the Netherlands,male
Johann Deisenhofer,1943,Chemistry,1988,2500000,Germany,male
Johannes Diderik van der Waals,1837,Physics,1910,140703,the Netherlands,male
Johannes Fibiger,1867,Physiology or Medicine,1926,116960,Denmark,male
Johannes Stark,1874,Physics,1919,133127,Germany,male
Johannes V. Jensen,1873,Literature,1944,121841,Denmark,male
John B. Fenn,1917,Chemistry,2002,10000000,USA,male
John B. Goodenough,1922,Chemistry,2019,9000000,Germany,male
John Bardeen,1908,Physics,1956,200123,USA,male
John C. Harsanyi,1920,Economic Sciences,1994,7000000,Hungary,male
John C. Kendrew,1917,Chemistry,1962,257220,United Kingdom,male
John C. Mather,1946,Physics,2006,10000000,USA,male
John C. Polanyi,1929,Chemistry,1986,2000000,Germany,male
John Clarke,1942,Physics,2025,11000000,United Kingdom,male
John Clauser,1942,Physics,2022,10000000,USA,male
John Cockcroft,1897,Physics,1951,167612,United Kingdom,male
John Cornforth,1917,Chemistry,1975,630000,Australia,male
John E. Sulston,1942,Physiology or Medicine,2002,10000000,United Kingdom,male
John E. Walker,1941,Chemistry,1997,7500000,United Kingdom,male
John F. Enders,1897,Physiology or Medicine,1954,181647,USA,male
John F. Nash Jr.,1928,Economic Sciences,1994,7000000,USA,male
John Galsworthy,1867,Literature,1932,171753,United Kingdom,male
John H. Northrop,1891,Chemistry,1946,121524,USA,male
John H. Van Vleck,1899,Physics,1977,700000,USA,male
John Hume,1937,Peace,1998,7600000,Northern Ireland,male
John J. Hopfield,1933,Physics,2024,11000000,USA,male
John Jumper,1985,Chemistry,2024,11000000,USA,male
John L. Hall,1934,Physics,2005,10000000,USA,male
John M. Martinis,1958,Physics,2025,11000000,NA,male
John Macleod,1876,Physiology or Medicine,1923,114935,Scotland,male
John O'Keefe,1939,Physiology or Medicine,2014,8000000,USA,male
John Pople,1925,Chemistry,1998,7600000,United Kingdom,male
John R. Hicks,1904,Economic Sciences,1972,480000,United Kingdom,male
John R. Mott,1865,Peace,1946,121524,USA,male
John R. Vane,1927,Physiology or Medicine,1982,1150000,United Kingdom,male
John Steinbeck,1902,Literature,1962,257220,USA,male
Jon Fosse,1959,Literature,2023,11000000,Norway,male
José Echegaray,1832,Literature,1904,140859,Spain,male
José Ramos-Horta,1949,Peace,1996,7400000,East Timor,male
José Saramago,1922,Literature,1998,7600000,Portugal,male
Joseph Brodsky,1940,Literature,1987,2175000,USSR,male
Joseph E. Murray,1919,Physiology or Medicine,1990,4000000,USA,male
Joseph E. Stiglitz,1943,Economic Sciences,2001,10000000,USA,male
Joseph Erlanger,1874,Physiology or Medicine,1944,121841,USA,male
Joseph H. Taylor Jr.,1941,Physics,1993,6700000,USA,male
Joseph L. Goldstein,1940,Physiology or Medicine,1985,1800000,USA,male
Joseph Rotblat,1908,Peace,1995,7200000,Russian Empire,male
Joshua D. Angrist,1960,Economic Sciences,2021,10000000,USA,male
Joshua Lederberg,1925,Physiology or Medicine,1958,214559,USA,male
Juan Manuel Santos,1951,Peace,2016,8000000,Colombia,male
Juan Ramón Jiménez,1881,Literature,1956,200123,Spain,male
Jules A. Hoffmann,1941,Physiology or Medicine,2011,10000000,Luxembourg,male
Jules Bordet,1870,Physiology or Medicine,1919,133127,Belgium,male
Julian Schwinger,1918,Physics,1965,282000,USA,male
Julius Axelrod,1912,Physiology or Medicine,1970,400000,USA,male
Julius Wagner-Jauregg,1857,Physiology or Medicine,1927,126501,Austria,male
K. Alex Müller,1927,Physics,1987,2175000,Switzerland,male
K. Barry Sharpless,1941,Chemistry,2001,10000000,USA,male
Kai M. Siegbahn,1918,Physics,1981,1000000,Sweden,male
Kailash Satyarthi,1954,Peace,2014,8000000,India,male
Karl Gjellerup,1857,Literature,1917,133823,Denmark,male
Karl Landsteiner,1868,Physiology or Medicine,1930,172947,Austrian Empire,male
Karl von Frisch,1886,Physiology or Medicine,1973,510000,Austria,male
Karl Ziegler,1898,Chemistry,1963,265000,Germany,male
Kary B. Mullis,1944,Chemistry,1993,6700000,USA,male
Katalin Karikó,1955,Physiology or Medicine,2023,11000000,Hungary,female
Kazuo Ishiguro,1954,Literature,2017,9000000,Japan,male
Keffer Hartline,1903,Physiology or Medicine,1967,320000,USA,male
Kenichi Fukui,1918,Chemistry,1981,1000000,Japan,male
Kenneth G. Wilson,1936,Physics,1982,1150000,USA,male
Kenneth J. Arrow,1921,Economic Sciences,1972,480000,USA,male
Kenzaburo Oe,1935,Literature,1994,7000000,Japan,male
Kim Dae-jung,1924,Peace,2000,9000000,Korea,male
Kip S. Thorne,1940,Physics,2017,9000000,USA,male
Klas Pontus Arnoldson,1844,Peace,1908,139800,Sweden,male
Klaus Hasselmann,1931,Physics,2021,10000000,Germany,male
Klaus von Klitzing,1943,Physics,1985,1800000,German-occupied Poland,male
Knut Hamsun,1859,Literature,1920,134100,Norway,male
Kofi Annan,1938,Peace,2001,10000000,Gold Coast,male
Koichi Tanaka,1959,Chemistry,2002,10000000,Japan,male
Konrad Bloch,1912,Physiology or Medicine,1964,273000,Germany,male
Konrad Lorenz,1903,Physiology or Medicine,1973,510000,Austria,male
Konstantin Novoselov,1974,Physics,2010,10000000,Russia,male
Kurt Alder,1902,Chemistry,1950,164304,Prussia,male
Kurt Wüthrich,1938,Chemistry,2002,10000000,Switzerland,male
Lars Onsager,1903,Chemistry,1968,350000,Norway,male
Lars Peter Hansen,1952,Economic Sciences,2013,8000000,USA,male
László Krasznahorkai,1954,Literature,2025,11000000,Hungary,male
Lawrence Bragg,1890,Physics,1915,149223,Australia,male
Lawrence R. Klein,1920,Economic Sciences,1980,880000,USA,male
Le Duc Tho ,1911,Peace,1973,510000,Vietnam,male
NA,NA,Peace,1963,265000,NA,NA
Lech Wałęsa,1943,Peace,1983,1500000,Poland,male
Leland Hartwell,1939,Physiology or Medicine,2001,10000000,USA,male
Leo Esaki,1925,Physics,1973,510000,Japan,male
Léon Bourgeois,1851,Peace,1920,134100,France,male
Léon Jouhaux,1879,Peace,1951,167612,France,male
Leon M. Lederman,1922,Physics,1988,2500000,USA,male
Leon N. Cooper,1930,Physics,1972,480000,USA,male
Leonid Hurwicz,1917,Economic Sciences,2007,10000000,Russia,male
Leonid Vitaliyevich Kantorovich,1912,Economic Sciences,1975,630000,Russian Empire,male
Leopold Ruzicka,1887,Chemistry,1939,148822,Austria-Hungary,male
Lester Bowles Pearson,1897,Peace,1957,208629,Canada,male
Lev Landau,1908,Physics,1962,257220,Russian Empire,male
Leymah Gbowee,1972,Peace,2011,10000000,Liberia,female
Linda B. Buck,1947,Physiology or Medicine,2004,10000000,USA,female
Linus Pauling,1901,Chemistry,1954,181647,USA,male
Liu Xiaobo,1955,Peace,2010,10000000,China,male
Lloyd S. Shapley,1923,Economic Sciences,2012,8000000,USA,male
Lord Boyd Orr,1880,Peace,1949,156290,Scotland,male
Lord Rayleigh,1842,Physics,1904,140859,United Kingdom,male
Lord Todd,1907,Chemistry,1957,208629,Scotland,male
Louis Brus,1943,Chemistry,2023,11000000,USA,male
Louis de Broglie,1892,Physics,1929,172760,France,male
Louis J. Ignarro,1941,Physiology or Medicine,1998,7600000,USA,male
Louis Néel,1904,Physics,1970,400000,France,male
Louis Renault,1843,Peace,1907,138796,France,male
Louise Glück,1943,Literature,2020,10000000,USA,female
Luc Montagnier,1932,Physiology or Medicine,2008,10000000,France,male
Ludwig Quidde,1858,Peace,1927,126501,Germany,male
Luigi Pirandello,1867,Literature,1934,162608,Italy,male
Luis Alvarez,1911,Physics,1968,350000,USA,male
Luis Leloir,1906,Chemistry,1970,400000,France,male
M. Stanley Whittingham,1941,Chemistry,2019,9000000,United Kingdom,male
Mairead Corrigan,1944,Peace,1976,681000,Northern Ireland,female
Makoto Kobayashi,1944,Physics,2008,10000000,Japan,male
Malala Yousafzai,1997,Peace,2014,8000000,Pakistan,female
Manfred Eigen,1927,Chemistry,1967,320000,Germany,male
Manne Siegbahn,1886,Physics,1924,116719,Sweden,male
Maria Corina Machado,1967,Peace,2025,11000000,Venezuela,female
Maria Goeppert Mayer,1906,Physics,1963,265000,Germany,female
Maria Ressa,1963,Peace,2021,10000000,Philippines,female
Marie Curie,1867,Physics,1903,141358,Russian Empire,female
Mario J. Molina,1943,Chemistry,1995,7200000,Mexico,male
Mario R. Capecchi,1937,Physiology or Medicine,2007,10000000,Italy,male
Mario Vargas Llosa,1936,Literature,2010,10000000,Peru,male
Marshall W. Nirenberg,1927,Physiology or Medicine,1968,350000,USA,male
Martin Chalfie,1947,Chemistry,2008,10000000,USA,male
Martin Karplus,1930,Chemistry,2013,8000000,Austria,male
Martin L. Perl,1927,Physics,1995,7200000,USA,male
Martin Luther King Jr.,1929,Peace,1964,273000,USA,male
Martin Rodbell,1925,Physiology or Medicine,1994,7000000,USA,male
Martin Ryle,1918,Physics,1974,550000,United Kingdom,male
Martinus J.G. Veltman,1931,Physics,1999,7900000,the Netherlands,male
Martti Ahtisaari,1937,Peace,2008,10000000,Finland,male
Mary E. Brunkow,1961,Physiology or Medicine,2025,11000000,USA,female
Masatoshi Koshiba,1926,Physics,2002,10000000,Japan,male
Maurice Allais,1911,Economic Sciences,1988,2500000,France,male
Maurice Maeterlinck,1862,Literature,1911,140695,Belgium,male
Maurice Wilkins,1916,Physiology or Medicine,1962,257220,New Zealand,male
Max Born,1882,Physics,1954,181647,Germany,male
Max Delbrück,1906,Physiology or Medicine,1969,375000,Germany,male
Max F. Perutz,1914,Chemistry,1962,257220,Austria,male
Max Planck,1858,Physics,1918,138198,Schleswig,male
Max Theiler,1899,Physiology or Medicine,1951,167612,South Africa,male
Max von Laue,1879,Physics,1914,146900,Germany,male
May-Britt Moser,1963,Physiology or Medicine,2014,8000000,Norway,female
Melvin Calvin,1911,Chemistry,1961,250233,USA,male
Melvin Schwartz,1932,Physics,1988,2500000,USA,male
NA,NA,Peace,2022,10000000,NA,NA
Menachem Begin,1913,Peace,1978,725000,Russian Empire,male
Merton H. Miller,1923,Economic Sciences,1990,4000000,USA,male
Michael Houghton,1949,Physiology or Medicine,2020,10000000,United Kingdom,male
Michael Kremer,1964,Economic Sciences,2019,9000000,USA,male
Michael Levitt,1947,Chemistry,2013,8000000,South Africa,male
Michael Rosbash,1944,Physiology or Medicine,2017,9000000,USA,male
Michael S. Brown,1941,Physiology or Medicine,1985,1800000,USA,male
Michael Smith,1932,Chemistry,1993,6700000,United Kingdom,male
Michael W. Young,1949,Physiology or Medicine,2017,9000000,USA,male
Michel H. Devoret,1953,Physics,2025,11000000,France,male
Michel Mayor,1942,Physics,2019,9000000,Switzerland,male
Miguel Angel Asturias,1899,Literature,1967,320000,Guatemala,male
Mikhail Gorbachev,1931,Peace,1990,4000000,USSR,male
Mikhail Sholokhov,1905,Literature,1965,282000,Russia,male
Milton Friedman,1912,Economic Sciences,1976,681000,USA,male
Mo Yan,1956,Literature,2012,8000000,China,male
Mohamed ElBaradei,1942,Peace,2005,10000000,Egypt,male
Morten Meldal,1954,Chemistry,2022,10000000,Denmark,male
Mother Teresa,1910,Peace,1979,800000,Ottoman Empire,female
Moungi Bawendi,1961,Chemistry,2023,11000000,France,male
Muhammad Yunus,1940,Peace,2006,10000000,British India,male
Murray Gell-Mann,1929,Physics,1969,375000,USA,male
Myron Scholes,1941,Economic Sciences,1997,7500000,Canada,male
Nadia Murad,1993,Peace,2018,9000000,Iraq,female
Nadine Gordimer,1923,Literature,1991,6000000,South Africa,female
Naguib Mahfouz,1911,Literature,1988,2500000,Egypt,male
NA,NA,Peace,1938,155077,NA,NA
Narges Mohammadi,1972,Peace,2023,11000000,Iran,female
Nathan Söderblom,1866,Peace,1930,172947,Sweden,male
NA,NA,Peace,2015,8000000,NA,NA
Nelly Sachs,1891,Literature,1966,300000,Germany,female
Nelson Mandela,1918,Peace,1993,6700000,South Africa,male
Nicholas Murray Butler,1862,Peace,1931,173206,USA,male
Nicolaas Bloembergen,1920,Physics,1981,1000000,the Netherlands,male
Nicolay G. Basov,1922,Physics,1964,273000,USSR,male
Niels Bohr,1885,Physics,1922,122483,Denmark,male
Niels K. Jerne,1911,Physiology or Medicine,1984,1650000,United Kingdom,male
Niels Ryberg Finsen,1860,Physiology or Medicine,1903,141358,Faroe Islands (Denmark),male
NA,NA,Peace,2024,11000000,NA,NA
Nikolaas Tinbergen,1907,Physiology or Medicine,1973,510000,the Netherlands,male
Nikolay Semenov,1896,Chemistry,1956,200123,Russia,male
Norman Borlaug,1914,Peace,1970,400000,USA,male
Norman F. Ramsey,1915,Physics,1989,3000000,USA,male
Norman Haworth,1883,Chemistry,1937,158463,United Kingdom,male
Octavio Paz,1914,Literature,1990,4000000,Mexico,male
Odd Hassel,1897,Chemistry,1969,375000,Norway,male
Odysseus Elytis,1911,Literature,1979,800000,Crete,male
NA,NA,Peace,1954,181647,NA,NA
Olga Tokarczuk,1962,Literature,2018,9000000,Poland,female
Oliver E. Williamson,1932,Economic Sciences,2009,10000000,USA,male
Oliver Hart,1948,Economic Sciences,2016,8000000,United Kingdom,male
Oliver Smithies,1925,Physiology or Medicine,2007,10000000,United Kingdom,male
Omar M. Yaghi,1965,Chemistry,2025,11000000,Jordan,male
NA,NA,Peace,2013,8000000,NA,NA
Orhan Pamuk,1952,Literature,2006,10000000,Turkey,male
Osamu Shimomura,1928,Chemistry,2008,10000000,Japan,male
Oscar Arias Sánchez,1940,Peace,1987,2175000,Costa Rica,male
Otto Diels,1876,Chemistry,1950,164304,Germany,male
Otto Hahn,1879,Chemistry,1944,121841,Germany,male
Otto Loewi,1873,Physiology or Medicine,1936,159850,Germany,male
Otto Meyerhof,1884,Physiology or Medicine,1922,122483,Germany,male
Otto Stern,1888,Physics,1943,123691,Germany,male
Otto Wallach,1847,Chemistry,1910,140703,Germany,male
Otto Warburg,1883,Physiology or Medicine,1931,173206,Germany,male
Owen Chamberlain,1920,Physics,1959,220678,USA,male
Owen Willans Richardson,1879,Physics,1928,156939,United Kingdom,male
Pablo Neruda,1904,Literature,1971,450000,Chile,male
Pär Lagerkvist,1891,Literature,1951,167612,Sweden,male
Patrick M.S. Blackett,1897,Physics,1948,159773,United Kingdom,male
Patrick Modiano,1945,Literature,2014,8000000,France,male
Patrick White,1912,Literature,1973,510000,United Kingdom,male
Paul A. Samuelson,1915,Economic Sciences,1970,400000,USA,male
Paul A.M. Dirac,1902,Physics,1933,170332,United Kingdom,male
Paul Berg,1926,Chemistry,1980,880000,USA,male
Paul C. Lauterbur,1929,Physiology or Medicine,2003,10000000,USA,male
Paul D. Boyer,1918,Chemistry,1997,7500000,USA,male
Paul Ehrlich,1854,Physiology or Medicine,1908,139800,Prussia,male
Paul Greengard,1925,Physiology or Medicine,2000,9000000,USA,male
Paul Henri d'Estournelles de Constant,1852,Peace,1909,139800,France,male
Paul Heyse,1830,Literature,1910,140703,Prussia,male
Paul J. Crutzen,1933,Chemistry,1995,7200000,the Netherlands,male
Paul J. Flory,1910,Chemistry,1974,550000,USA,male
Paul Karrer,1889,Chemistry,1937,158463,Russia,male
Paul Krugman,1953,Economic Sciences,2008,10000000,USA,male
Paul M. Romer,1955,Economic Sciences,2018,9000000,USA,male
Paul Modrich,1946,Chemistry,2015,8000000,USA,male
Paul Müller,1899,Physiology or Medicine,1948,159773,Switzerland,male
Paul R. Milgrom,1948,Economic Sciences,2020,10000000,USA,male
Paul Sabatier,1854,Chemistry,1912,140476,France,male
Pavel A. Cherenkov,1904,Physics,1958,214559,Russia,male
Pearl Buck,1892,Literature,1938,155077,USA,female
Percy W. Bridgman,1882,Physics,1946,121524,USA,male
NA,NA,Peace,1910,140703,NA,NA
Peter A. Diamond,1940,Economic Sciences,2010,10000000,USA,male
Peter Agre,1949,Chemistry,2003,10000000,USA,male
Peter C. Doherty,1940,Physiology or Medicine,1996,7400000,Australia,male
Peter Debye,1884,Chemistry,1936,159850,the Netherlands,male
Peter Grünberg,1939,Physics,2007,10000000,Czechoslovakia,male
Peter Handke,1942,Literature,2019,9000000,Austria,male
Peter Higgs,1929,Physics,2013,8000000,United Kingdom,male
Peter Howitt,1946,Economic Sciences,2025,11000000,Canada,male
Peter Medawar,1915,Physiology or Medicine,1960,225987,Brazil,male
Peter Mitchell,1920,Chemistry,1978,725000,United Kingdom,male
Peyton Rous,1879,Physiology or Medicine,1966,300000,USA,male
Philip Dybvig,1955,Economic Sciences,2022,10000000,USA,male
Philip Noel-Baker,1889,Peace,1959,220678,United Kingdom,male
Philip S. Hench,1896,Physiology or Medicine,1950,164304,USA,male
Philip W. Anderson,1923,Physics,1977,700000,USA,male
Philipp Lenard,1862,Physics,1905,138089,Hungary,male
Philippe Aghion,1956,Economic Sciences,2025,11000000,France,male
Phillip A. Sharp,1944,Physiology or Medicine,1993,6700000,USA,male
Pierre Agostini,1941,Physics,2023,11000000,French protectorate of Tunisia,male
Pierre Curie,1859,Physics,1903,141358,France,male
Pierre-Gilles de Gennes,1932,Physics,1991,6000000,France,male
Pieter Zeeman,1865,Physics,1902,141847,the Netherlands,male
Polykarp Kusch,1911,Physics,1955,190214,Germany,male
NA,NA,Peace,1995,7200000,NA,NA
Pyotr Kapitsa,1894,Physics,1978,725000,Russian Empire,male
Rabindranath Tagore,1861,Literature,1913,143010,India,male
Ragnar Frisch,1895,Economic Sciences,1969,375000,Norway,male
Ragnar Granit,1900,Physiology or Medicine,1967,320000,Russian Empire,male
Rainer Weiss,1932,Physics,2017,9000000,Germany,male
Ralph Bunche,1904,Peace,1950,164304,USA,male
Ralph M. Steinman,1943,Physiology or Medicine,2011,10000000,Canada,male
Randal Cremer,1828,Peace,1903,141358,United Kingdom,male
Randy W. Schekman,1948,Physiology or Medicine,2013,8000000,USA,male
Raymond Davis Jr.,1914,Physics,2002,10000000,USA,male
Reinhard Genzel,1952,Physics,2020,10000000,Germany,male
Reinhard Selten,1930,Economic Sciences,1994,7000000,Germany,male
Renato Dulbecco,1914,Physiology or Medicine,1975,630000,Italy,male
René Cassin,1887,Peace,1968,350000,France,male
Riccardo Giacconi,1931,Physics,2002,10000000,Italy,male
Richard Axel,1946,Physiology or Medicine,2004,10000000,USA,male
Richard E. Smalley,1943,Chemistry,1996,7400000,USA,male
Richard E. Taylor,1929,Physics,1990,4000000,Canada,male
Richard F. Heck,1931,Chemistry,2010,10000000,USA,male
Richard H. Thaler,1945,Economic Sciences,2017,9000000,USA,male
Richard Henderson,1945,Chemistry,2017,9000000,Scotland,male
Richard J. Roberts,1943,Physiology or Medicine,1993,6700000,United Kingdom,male
Richard Kuhn,1900,Chemistry,1938,155077,Austria-Hungary,male
Richard L.M. Synge,1914,Chemistry,1952,171135,United Kingdom,male
Richard P. Feynman,1918,Physics,1965,282000,USA,male
Richard R. Ernst,1933,Chemistry,1991,6000000,Switzerland,male
Richard R. Schrock,1945,Chemistry,2005,10000000,USA,male
Richard Robson,1937,Chemistry,2025,11000000,United Kingdom,male
Richard Stone,1913,Economic Sciences,1984,1650000,United Kingdom,male
Richard Willstätter,1872,Chemistry,1915,149223,Germany,male
Richard Zsigmondy,1865,Chemistry,1925,118165,Austrian Empire,male
Rigoberta Menchú Tum,1959,Peace,1992,6500000,Guatemala,female
Rita Levi-Montalcini,1909,Physiology or Medicine,1986,2000000,Italy,female
Roald Hoffmann,1937,Chemistry,1981,1000000,Poland,male
Robert A. Millikan,1868,Physics,1923,114935,USA,male
Robert B. Laughlin,1950,Physics,1998,7600000,USA,male
Robert B. Wilson,1937,Economic Sciences,2020,10000000,USA,male
Robert B. Woodward,1917,Chemistry,1965,282000,USA,male
Robert Bárány,1876,Physiology or Medicine,1914,146900,Austria,male
Robert C. Merton,1944,Economic Sciences,1997,7500000,USA,male
Robert C. Richardson,1937,Physics,1996,7400000,USA,male
"Robert Cecil, Viscount Cecil of Chelwood",1864,Peace,1937,158463,United Kingdom,male
Robert E. Lucas Jr.,1937,Economic Sciences,1995,7200000,USA,male
Robert F. Curl Jr.,1933,Chemistry,1996,7400000,USA,male
Robert F. Engle III,1942,Economic Sciences,2003,10000000,USA,male
Robert F. Furchgott,1916,Physiology or Medicine,1998,7600000,USA,male
Robert G. Edwards,1925,Physiology or Medicine,2010,10000000,United Kingdom,male
Robert H. Grubbs,1942,Chemistry,2005,10000000,USA,male
Robert Hofstadter,1915,Physics,1961,250233,USA,male
Robert Huber,1937,Chemistry,1988,2500000,Germany,male
Robert J. Aumann,1930,Economic Sciences,2005,10000000,Germany,male
Robert J. Lefkowitz,1943,Chemistry,2012,8000000,USA,male
Robert J. Shiller,1946,Economic Sciences,2013,8000000,USA,male
Robert Koch,1843,Physiology or Medicine,1905,138089,Germany,male
Robert M. Solow,1924,Economic Sciences,1987,2175000,USA,male
Robert Mundell,1932,Economic Sciences,1999,7900000,Canada,male
Robert S. Mulliken,1896,Chemistry,1966,300000,USA,male
Robert Schrieffer,1931,Physics,1972,480000,USA,male
Robert W. Fogel,1927,Economic Sciences,1993,6700000,USA,male
Robert W. Holley,1922,Physiology or Medicine,1968,350000,USA,male
Robert Woodrow Wilson,1936,Physics,1978,725000,USA,male
Roderick MacKinnon,1956,Chemistry,2003,10000000,USA,male
Rodney R. Porter,1917,Physiology or Medicine,1972,480000,United Kingdom,male
Roger B. Myerson,1951,Economic Sciences,2007,10000000,USA,male
Roger D. Kornberg,1947,Chemistry,2006,10000000,USA,male
Roger Guillemin,1924,Physiology or Medicine,1977,700000,France,male
Roger Martin du Gard,1881,Literature,1937,158463,France,male
Roger Penrose,1931,Physics,2020,10000000,United Kingdom,male
Roger W. Sperry,1913,Physiology or Medicine,1981,1000000,USA,male
Roger Y. Tsien,1952,Chemistry,2008,10000000,USA,male
Rolf M. Zinkernagel,1944,Physiology or Medicine,1996,7400000,Switzerland,male
Romain Rolland,1866,Literature,1915,149223,France,male
Ronald G.W. Norrish,1897,Chemistry,1967,320000,United Kingdom,male
Ronald H. Coase,1910,Economic Sciences,1991,6000000,United Kingdom,male
Ronald Ross,1857,Physiology or Medicine,1902,141847,India,male
Rosalyn Yalow,1921,Physiology or Medicine,1977,700000,USA,female
Roy J. Glauber,1925,Physics,2005,10000000,USA,male
Rudolf Eucken,1846,Literature,1908,139800,East Friesland,male
Rudolf Mössbauer,1929,Physics,1961,250233,Germany,male
Rudolph A. Marcus,1923,Chemistry,1992,6500000,Canada,male
Rudyard Kipling,1865,Literature,1907,138796,British India,male
Russell A. Hulse,1950,Physics,1993,6700000,USA,male
Ryoji Noyori,1938,Chemistry,2001,10000000,Japan,male
Saint-John Perse,1887,Literature,1960,225987,"Guadeloupe, France",male
Salvador E. Luria,1912,Physiology or Medicine,1969,375000,Italy,male
Salvatore Quasimodo,1901,Literature,1959,220678,Italy,male
Samuel Beckett,1906,Literature,1969,375000,Ireland,male
Samuel C.C. Ting,1936,Physics,1976,681000,USA,male
Santiago Ramón y Cajal,1852,Physiology or Medicine,1906,138536,Spain,male
Satoshi Ōmura,1935,Physiology or Medicine,2015,8000000,Japan,male
Saul Bellow,1915,Literature,1976,681000,Canada,male
Saul Perlmutter,1959,Physics,2011,10000000,USA,male
Seamus Heaney,1939,Literature,1995,7200000,Northern Ireland,male
Seán MacBride,1904,Peace,1974,550000,France,male
Selma Lagerlöf,1858,Literature,1909,139800,Sweden,female
Selman A. Waksman,1888,Physiology or Medicine,1952,171135,Russian Empire,male
Serge Haroche,1944,Physics,2012,8000000,Morocco,male
Severo Ochoa,1905,Physiology or Medicine,1959,220678,Spain,male
Sheldon Glashow,1932,Physics,1979,800000,USA,male
Shimon Peres,1923,Peace,1994,7000000,Poland,male
Shimon Sakaguchi,1951,Physiology or Medicine,2025,11000000,Japan,male
Shinya Yamanaka,1962,Physiology or Medicine,2012,8000000,Japan,male
Shirin Ebadi,1947,Peace,2003,10000000,Iran,female
Shmuel Agnon,1888,Literature,1966,300000,Austria-Hungary,male
Shuji Nakamura,1954,Physics,2014,8000000,Japan,male
Sidney Altman,1939,Chemistry,1989,3000000,Canada,male
Sigrid Undset,1882,Literature,1928,156939,Denmark,female
Simon Johnson,1963,Economic Sciences,2024,11000000,United Kingdom,male
Simon Kuznets,1901,Economic Sciences,1971,450000,Russian Empire,male
Simon van der Meer,1925,Physics,1984,1650000,the Netherlands,male
Sin-Itiro Tomonaga,1906,Physics,1965,282000,Japan,male
Sinclair Lewis,1885,Literature,1930,172947,USA,male
Sir Alexander Fleming,1881,Physiology or Medicine,1945,121333,Scotland,male
Sir Arthur Lewis,1915,Economic Sciences,1979,800000,British West Indies,male
Sir Austen Chamberlain,1863,Peace,1925,118165,United Kingdom,male
Sir Bernard Katz,1911,Physiology or Medicine,1970,400000,Germany,male
Sir Chandrasekhara Venkata Raman,1888,Physics,1930,172947,India,male
Sir Charles Sherrington,1857,Physiology or Medicine,1932,171753,United Kingdom,male
Sir Cyril Hinshelwood,1897,Chemistry,1956,200123,United Kingdom,male
Sir Frank Macfarlane Burnet,1899,Physiology or Medicine,1960,225987,Australia,male
Sir Frederick Hopkins,1861,Physiology or Medicine,1929,172760,United Kingdom,male
Sir Gregory P. Winter,1951,Chemistry,2018,9000000,United Kingdom,male
Sir Harold Kroto,1939,Chemistry,1996,7400000,United Kingdom,male
Sir Henry Dale,1875,Physiology or Medicine,1936,159850,United Kingdom,male
Sir Howard Florey,1898,Physiology or Medicine,1945,121333,Australia,male
Sir J. Fraser Stoddart,1942,Chemistry,2016,8000000,United Kingdom,male
Sir James W. Black,1924,Physiology or Medicine,1988,2500000,Scotland,male
Sir John B. Gurdon,1933,Physiology or Medicine,2012,8000000,United Kingdom,male
Sir John Eccles,1903,Physiology or Medicine,1963,265000,Australia,male
Sir Martin J. Evans,1941,Physiology or Medicine,2007,10000000,United Kingdom,male
Sir Nevill F. Mott,1905,Physics,1977,700000,United Kingdom,male
Sir Norman Angell,1872,Peace,1933,170332,United Kingdom,male
Sir Paul Nurse,1949,Physiology or Medicine,2001,10000000,United Kingdom,male
Sir Peter J. Ratcliffe,1954,Physiology or Medicine,2019,9000000,United Kingdom,male
Sir Peter Mansfield,1933,Physiology or Medicine,2003,10000000,United Kingdom,male
Sir Robert Robinson,1886,Chemistry,1947,146115,United Kingdom,male
Sir William Ramsay,1852,Chemistry,1904,140859,Scotland,male
Stanford Moore,1913,Chemistry,1972,480000,USA,male
Stanley B. Prusiner,1942,Physiology or Medicine,1997,7500000,USA,male
Stanley Cohen,1922,Physiology or Medicine,1986,2000000,USA,male
Stefan W. Hell,1962,Chemistry,2014,8000000,Romania,male
Steven Chu,1948,Physics,1997,7500000,USA,male
Steven Weinberg,1933,Physics,1979,800000,USA,male
Subrahmanyan Chandrasekhar,1910,Physics,1983,1500000,India,male
Sully Prudhomme,1839,Literature,1901,150782,France,male
Sune K. Bergström,1916,Physiology or Medicine,1982,1150000,Sweden,male
Susumu Kitagawa,1951,Chemistry,2025,11000000,Japan,male
Susumu Tonegawa,1939,Physiology or Medicine,1987,2175000,Japan,male
Svante Arrhenius,1859,Chemistry,1903,141358,Sweden,male
Svante Pääbo,1955,Physiology or Medicine,2022,10000000,Sweden,male
Svetlana Alexievich,1948,Literature,2015,8000000,Ukraine,female
Sydney Brenner,1927,Physiology or Medicine,2002,10000000,South Africa,male
Syukuro Manabe,1931,Physics,2021,10000000,Japan,male
T.S. Eliot,1888,Literature,1948,159773,USA,male
Tadeus Reichstein,1897,Physiology or Medicine,1950,164304,Poland,male
Takaaki Kajita,1959,Physics,2015,8000000,Japan,male
Tasuku Honjo,1942,Physiology or Medicine,2018,9000000,Japan,male
Tawakkol Karman,1979,Peace,2011,10000000,Yemen,female
The 14th Dalai Lama,1935,Peace,1989,3000000,Tibet,male
The Svedberg,1884,Chemistry,1926,116960,Sweden,male
Theodor Kocher,1841,Physiology or Medicine,1909,139800,Switzerland,male
Theodor Mommsen,1817,Literature,1902,141847,Schleswig,male
Theodor W. Hänsch,1941,Physics,2005,10000000,Germany,male
Theodore Roosevelt,1858,Peace,1906,138536,USA,male
Theodore W. Richards,1868,Chemistry,1914,146900,USA,male
Theodore W. Schultz,1902,Economic Sciences,1979,800000,USA,male
Thomas A. Steitz,1940,Chemistry,2009,10000000,USA,male
Thomas C. Schelling,1921,Economic Sciences,2005,10000000,USA,male
Thomas C. Südhof,1955,Physiology or Medicine,2013,8000000,Germany,male
Thomas H. Morgan,1866,Physiology or Medicine,1933,170332,USA,male
Thomas H. Weller,1915,Physiology or Medicine,1954,181647,USA,male
Thomas J. Sargent,1943,Economic Sciences,2011,10000000,USA,male
Thomas Mann,1875,Literature,1929,172760,Germany,male
Thomas R. Cech,1947,Chemistry,1989,3000000,USA,male
Tim Hunt,1943,Physiology or Medicine,2001,10000000,United Kingdom,male
Tjalling C. Koopmans,1910,Economic Sciences,1975,630000,the Netherlands,male
Tobias Asser,1838,Peace,1911,140695,the Netherlands,male
Tomas Lindahl,1938,Chemistry,2015,8000000,Sweden,male
Tomas Tranströmer,1931,Literature,2011,10000000,Sweden,male
Toni Morrison,1931,Literature,1993,6700000,USA,female
Torsten N. Wiesel,1924,Physiology or Medicine,1981,1000000,Sweden,male
Toshihide Maskawa,1940,Physics,2008,10000000,Japan,male
Trygve Haavelmo,1911,Economic Sciences,1989,3000000,Norway,male
Tsung-Dao Lee,1926,Physics,1957,208629,China,male
Tu Youyou,1930,Physiology or Medicine,2015,8000000,China,female
Ulf von Euler,1905,Physiology or Medicine,1970,400000,Sweden,male
NA,NA,Peace,2001,10000000,NA,NA
NA,NA,Peace,1965,282000,NA,NA
NA,NA,Peace,1988,2500000,NA,NA
V. S. Naipaul,1932,Literature,2001,10000000,Trinidad and Tobago,male
Val Fitch,1923,Physics,1980,880000,USA,male
Venkatraman Ramakrishnan,1952,Chemistry,2009,10000000,India,male
Verner von Heidenstam,1859,Literature,1916,131793,Sweden,male
Vernon L. Smith,1927,Economic Sciences,2002,10000000,USA,male
Vicente Aleixandre,1898,Literature,1977,700000,Spain,male
Victor Ambros,1953,Physiology or Medicine,2024,11000000,USA,male
Victor F. Hess,1883,Physics,1936,159850,Austria,male
Victor Grignard,1871,Chemistry,1912,140476,France,male
Vincent du Vigneaud,1901,Chemistry,1955,190214,USA,male
Vitaly L. Ginzburg,1916,Physics,2003,10000000,Russia,male
Vladimir Prelog,1906,Chemistry,1975,630000,Austria-Hungary,male
Walter Gilbert,1932,Chemistry,1980,880000,USA,male
Walter H. Brattain,1902,Physics,1956,200123,China,male
Walter Hess,1881,Physiology or Medicine,1949,156290,Switzerland,male
Walter Kohn,1923,Chemistry,1998,7600000,Austria,male
Walther Bothe,1891,Physics,1954,181647,Germany,male
Walther Nernst,1864,Chemistry,1920,134100,Prussia,male
Wangari Maathai,1940,Peace,2004,10000000,Kenya,female
Wassily Leontief,1906,Economic Sciences,1973,510000,Russia,male
Wendell M. Stanley,1904,Chemistry,1946,121524,USA,male
Werner Arber,1929,Physiology or Medicine,1978,725000,Switzerland,male
Werner Forssmann,1904,Physiology or Medicine,1956,200123,Germany,male
Werner Heisenberg,1901,Physics,1932,171753,Germany,male
Wilhelm Conrad Röntgen,1845,Physics,1901,150782,Prussia,male
Wilhelm Ostwald,1853,Chemistry,1909,139800,Russian Empire,male
Wilhelm Wien,1864,Physics,1911,140695,Prussia,male
Willard F. Libby,1908,Chemistry,1960,225987,USA,male
Willard S. Boyle,1924,Physics,2009,10000000,Canada,male
Willem Einthoven,1860,Physiology or Medicine,1924,116719,"Java, Dutch East Indies",male
William A. Fowler,1911,Physics,1983,1500000,USA,male
William B. Shockley,1910,Physics,1956,200123,United Kingdom,male
William Bragg,1862,Physics,1915,149223,United Kingdom,male
William Butler Yeats,1865,Literature,1923,114935,Ireland,male
William C. Campbell,1930,Physiology or Medicine,2015,8000000,Ireland,male
William D. Nordhaus,1941,Economic Sciences,2018,9000000,USA,male
William D. Phillips,1948,Physics,1997,7500000,USA,male
William E. Moerner,1953,Chemistry,2014,8000000,USA,male
William F. Giauque,1895,Chemistry,1949,156290,Canada,male
William F. Sharpe,1934,Economic Sciences,1990,4000000,USA,male
William Faulkner,1897,Literature,1949,156290,USA,male
William G. Kaelin Jr,1957,Physiology or Medicine,2019,9000000,USA,male
William Golding,1911,Literature,1983,1500000,United Kingdom,male
William H. Stein,1911,Chemistry,1972,480000,USA,male
William Knowles,1917,Chemistry,2001,10000000,USA,male
William Lipscomb,1919,Chemistry,1976,681000,USA,male
William P. Murphy,1892,Physiology or Medicine,1934,162608,USA,male
William Vickrey,1914,Economic Sciences,1996,7400000,Canada,male
Willis E. Lamb,1913,Physics,1955,190214,USA,male
Willy Brandt,1913,Peace,1971,450000,Germany,male
Winston Churchill,1874,Literature,1953,175293,United Kingdom,male
Wisława Szymborska,1923,Literature,1996,7400000,Poland,female
Władysław Reymont,1867,Literature,1924,116719,Russian Empire,male
Wole Soyinka,1934,Literature,1986,2000000,Nigeria,male
Wolfgang Ketterle,1957,Physics,2001,10000000,West Germany,male
Wolfgang Paul,1913,Physics,1989,3000000,Germany,male
Wolfgang Pauli,1900,Physics,1945,121333,Austria,male
Woodrow Wilson,1856,Peace,1919,133127,USA,male
NA,NA,Peace,2020,10000000,NA,NA
Yasser Arafat,1929,Peace,1994,7000000,Egypt,male
Yasunari Kawabata,1899,Literature,1968,350000,Japan,male
Yitzhak Rabin,1922,Peace,1994,7000000,British Mandate of Palestine,male
Yoichiro Nambu,1921,Physics,2008,10000000,Japan,male
Yoshinori Ohsumi,1945,Physiology or Medicine,2016,8000000,Japan,male
Yuan T. Lee,1936,Chemistry,1986,2000000,Taiwan,male
Yves Chauvin,1930,Chemistry,2005,10000000,Belgium,male
Zhores Alferov,1930,Physics,2000,9000000,USSR,male
