Name,Birth_year,Category,Prize_year,Amount,Birth_country,Gender,Age
A. Michael Spence,1943,Economic Sciences,2001,10000000,USA,male,58
Aage N. Bohr,1922,Physics,1975,630000,Denmark,male,53
Aaron Ciechanover,1947,Chemistry,2004,10000000,British Protectorate of Palestine,male,57
Aaron Klug,1926,Chemistry,1982,1150000,Lithuania,male,56
Abdulrazak Gurnah,1948,Literature,2021,10000000,NA,male,73
Abdus Salam,1926,Physics,1979,800000,India,male,53
Abhijit Banerjee,1961,Economic Sciences,2019,9000000,India,male,58
Abiy Ahmed Ali,1976,Peace,2019,9000000,Ethiopia,male,43
Ada E. Yonath,1939,Chemistry,2009,10000000,British Mandate of Palestine,female,70
Adam G. Riess,1969,Physics,2011,10000000,USA,male,42
Adolf Butenandt,1903,Chemistry,1939,148822,Germany,male,36
Adolf von Baeyer,1835,Chemistry,1905,138089,Prussia,male,70
Adolf Windaus,1876,Chemistry,1928,156939,Germany,male,52
Adolfo Pérez Esquivel,1931,Peace,1980,880000,Argentina,male,49
Ahmed Zewail,1946,Chemistry,1999,7900000,Egypt,male,53
Akira Suzuki,1930,Chemistry,2010,10000000,Japan,male,80
Akira Yoshino,1948,Chemistry,2019,9000000,Japan,male,71
Al Gore,1948,Peace,2007,10000000,USA,male,59
Alain Aspect,1947,Physics,2022,10000000,France,male,75
Alan Heeger,1936,Chemistry,2000,9000000,USA,male,64
Alan Hodgkin,1914,Physiology or Medicine,1963,265000,United Kingdom,male,49
Alan MacDiarmid,1927,Chemistry,2000,9000000,New Zealand,male,73
Albert A. Michelson,1852,Physics,1907,138796,Prussia,male,55
Albert Camus,1913,Literature,1957,208629,French Algeria,male,44
Albert Claude,1898,Physiology or Medicine,1974,550000,Belgium,male,76
Albert Einstein,1879,Physics,1921,121573,Germany,male,42
Albert Fert,1938,Physics,2007,10000000,France,male,69
Albert Gobat,1843,Peace,1902,141847,Switzerland,male,59
Albert Lutuli,1898,Peace,1960,225987,Southern Rhodesia,male,62
Albert Schweitzer,1875,Peace,1952,171135,Germany,male,77
Albert Szent-Györgyi,1893,Physiology or Medicine,1937,158463,Austria-Hungary,male,44
Albrecht Kossel,1853,Physiology or Medicine,1910,140703,Mecklenburg,male,57
Aleksandr M. Prokhorov,1916,Physics,1964,273000,Australia,male,48
Aleksandr Solzhenitsyn,1918,Literature,1970,400000,Russia,male,52
Aleksey Yekimov ,1945,Chemistry,2023,11000000,USSR,male,78
Ales Bialiatski,1962,Peace,2022,10000000,Russia,male,60
Alexei Abrikosov,1928,Physics,2003,10000000,USSR,male,75
Alexis Carrel,1873,Physiology or Medicine,1912,140476,France,male,39
Alfonso García Robles,1911,Peace,1982,1150000,Mexico,male,71
Alfred D. Hershey,1908,Physiology or Medicine,1969,375000,USA,male,61
Alfred Fried,1864,Peace,1911,140695,Austria,male,47
Alfred G. Gilman,1941,Physiology or Medicine,1994,7000000,USA,male,53
Alfred Kastler,1902,Physics,1966,300000,Germany,male,64
Alfred Werner,1866,Chemistry,1913,143010,France,male,47
Alice Munro,1931,Literature,2013,8000000,Canada,female,82
Allan M. Cormack,1924,Physiology or Medicine,1979,800000,South Africa,male,55
Allvar Gullstrand,1862,Physiology or Medicine,1911,140695,Sweden,male,49
Alphonse Laveran,1845,Physiology or Medicine,1907,138796,France,male,62
Alva Myrdal,1902,Peace,1982,1150000,Sweden,female,80
Alvin E. Roth,1951,Economic Sciences,2012,8000000,USA,male,61
Amartya Sen,1933,Economic Sciences,1998,7600000,India,male,65
NA,NA,Peace,1947,146115,NA,NA,NA
NA,NA,Peace,1977,700000,NA,NA,NA
Anatole France,1844,Literature,1921,121573,France,male,77
André F. Cournand,1895,Physiology or Medicine,1956,200123,France,male,61
Andre Geim,1958,Physics,2010,10000000,Russia,male,52
André Gide,1869,Literature,1947,146115,France,male,78
André Lwoff,1902,Physiology or Medicine,1965,282000,France,male,63
Andrea Ghez,1965,Physics,2020,10000000,USA,female,55
Andrei Sakharov,1921,Peace,1975,630000,Russia,male,54
Andrew Huxley,1917,Physiology or Medicine,1963,265000,United Kingdom,male,46
Andrew V. Schally,1926,Physiology or Medicine,1977,700000,Poland,male,51
Andrew Z. Fire,1959,Physiology or Medicine,2006,10000000,USA,male,47
Angus Deaton,1945,Economic Sciences,2015,8000000,Scotland,male,70
Anne L’Huillier,1958,Physics,2023,11000000,France,female,65
Annie Ernaux,1940,Literature,2022,10000000,France,female,82
Anthony J. Leggett,1938,Physics,2003,10000000,United Kingdom,male,65
Anton Zeilinger,1945,Physics,2022,10000000,Austria,male,77
Antony Hewish,1924,Physics,1974,550000,United Kingdom,male,50
Anwar al-Sadat,1918,Peace,1978,725000,Egypt,male,60
Archer J.P. Martin,1910,Chemistry,1952,171135,United Kingdom,male,42
Archibald V. Hill,1886,Physiology or Medicine,1922,122483,United Kingdom,male,36
Ardem Patapoutian,1967,Physiology or Medicine,2021,10000000,Lebanon,male,54
Arieh Warshel,1940,Chemistry,2013,8000000,British Mandate of Palestine,male,73
Aristide Briand,1862,Peace,1926,116960,France,male,64
Arne Tiselius,1902,Chemistry,1948,159773,Sweden,male,46
Arno Penzias,1933,Physics,1978,725000,Germany,male,45
Arthur Ashkin,1922,Physics,2018,9000000,USA,male,96
Arthur B. McDonald,1943,Physics,2015,8000000,Canada,male,72
Arthur H. Compton,1892,Physics,1927,126501,USA,male,35
Arthur Harden,1865,Chemistry,1929,172760,United Kingdom,male,64
Arthur Henderson,1863,Peace,1934,162608,Scotland,male,71
Arthur Kornberg,1918,Physiology or Medicine,1959,220678,USA,male,41
Arthur L. Schawlow,1921,Physics,1981,1000000,USA,male,60
Artturi Virtanen,1895,Chemistry,1945,121333,Russian Empire,male,50
Arvid Carlsson,1923,Physiology or Medicine,2000,9000000,Sweden,male,77
August Krogh,1874,Physiology or Medicine,1920,134100,Denmark,male,46
Auguste Beernaert,1829,Peace,1909,139800,Belgium,male,80
Aung San Suu Kyi,1945,Peace,1991,6000000,Burma,female,46
Avram Hershko,1937,Chemistry,2004,10000000,Hungary,male,67
Aziz Sancar,1946,Chemistry,2015,8000000,Turkey,male,69
Barack H. Obama,1961,Peace,2009,10000000,USA,male,48
Barbara McClintock,1902,Physiology or Medicine,1983,1500000,USA,female,81
Barry C. Barish,1936,Physics,2017,9000000,USA,male,81
Barry J. Marshall,1951,Physiology or Medicine,2005,10000000,Australia,male,54
Baruch S. Blumberg,1925,Physiology or Medicine,1976,681000,USA,male,51
Baruj Benacerraf,1920,Physiology or Medicine,1980,880000,Venezuela,male,60
Ben Bernanke,1953,Economic Sciences,2022,10000000,USA,male,69
Ben R. Mottelson,1926,Physics,1975,630000,USA,male,49
Bengt Holmström,1949,Economic Sciences,2016,8000000,Finland,male,67
Bengt I. Samuelsson,1934,Physiology or Medicine,1982,1150000,Sweden,male,48
Benjamin List,1968,Chemistry,2021,10000000,Germany,male,53
Bernard L. Feringa,1951,Chemistry,2016,8000000,the Netherlands,male,65
Bernardo Houssay,1887,Physiology or Medicine,1947,146115,Argentina,male,60
Bert Sakmann,1942,Physiology or Medicine,1991,6000000,Germany,male,49
Bertha von Suttner,1843,Peace,1905,138089,Austrian Empire,female,62
Bertil Ohlin,1899,Economic Sciences,1977,700000,Sweden,male,78
Bertram N. Brockhouse,1918,Physics,1994,7000000,Canada,male,76
Bertrand Russell,1872,Literature,1950,164304,United Kingdom,male,78
Betty Williams,1943,Peace,1976,681000,Northern Ireland,female,33
Bjørnstjerne Bjørnson,1832,Literature,1903,141358,Norway,male,71
Bob Dylan,1941,Literature,2016,8000000,USA,male,75
Boris Pasternak,1890,Literature,1958,214559,Russia,male,68
Brian D. Josephson,1940,Physics,1973,510000,United Kingdom,male,33
Brian Kobilka,1955,Chemistry,2012,8000000,USA,male,57
Brian P. Schmidt,1967,Physics,2011,10000000,USA,male,44
Bruce A. Beutler,1957,Physiology or Medicine,2011,10000000,USA,male,54
Bruce Merrifield,1921,Chemistry,1984,1650000,USA,male,63
Burton Richter,1931,Physics,1976,681000,USA,male,45
C.T.R. Wilson,1869,Physics,1927,126501,Scotland,male,58
Camillo Golgi,1843,Physiology or Medicine,1906,138536,Italy,male,63
Camilo José Cela,1916,Literature,1989,3000000,Spain,male,73
Carl Bosch,1874,Chemistry,1931,173206,Germany,male,57
Carl Cori,1896,Physiology or Medicine,1947,146115,Austria-Hungary,male,51
Carl D. Anderson,1905,Physics,1936,159850,USA,male,31
Carl Spitteler,1845,Literature,1919,133127,Switzerland,male,74
Carl von Ossietzky,1889,Peace,1935,159917,Germany,male,46
Carl Wieman,1951,Physics,2001,10000000,USA,male,50
Carlo Rubbia,1934,Physics,1984,1650000,Italy,male,50
Carlos Filipe Ximenes Belo,1948,Peace,1996,7400000,East Timor,male,48
Carlos Saavedra Lamas,1878,Peace,1936,159850,Argentina,male,58
Carol W. Greider,1961,Physiology or Medicine,2009,10000000,USA,female,48
Carolyn Bertozzi,1966,Chemistry,2022,10000000,USA,female,56
Cecil Powell,1903,Physics,1950,164304,United Kingdom,male,47
NA,NA,Peace,2022,10000000,NA,NA,NA
César Milstein,1927,Physiology or Medicine,1984,1650000,Argentina,male,57
Charles B. Huggins,1901,Physiology or Medicine,1966,300000,Canada,male,65
Charles Edouard Guillaume,1861,Physics,1920,134100,Switzerland,male,59
Charles G. Dawes,1865,Peace,1925,118165,USA,male,60
Charles Glover Barkla,1877,Physics,1917,133823,United Kingdom,male,40
Charles H. Townes,1915,Physics,1964,273000,USA,male,49
Charles J. Pedersen,1904,Chemistry,1987,2175000,Korea,male,83
Charles K. Kao,1933,Physics,2009,10000000,China,male,76
Charles M. Rice,1952,Physiology or Medicine,2020,10000000,USA,male,68
Charles Nicolle,1866,Physiology or Medicine,1928,156939,France,male,62
Charles Richet,1850,Physiology or Medicine,1913,143010,France,male,63
Chen Ning Yang,1922,Physics,1957,208629,China,male,35
Christiaan Eijkman,1858,Physiology or Medicine,1929,172760,the Netherlands,male,71
Christian Anfinsen,1916,Chemistry,1972,480000,USA,male,56
Christian de Duve,1917,Physiology or Medicine,1974,550000,United Kingdom,male,57
Christian Lange,1869,Peace,1921,121573,Norway,male,52
Christiane Nüsslein-Volhard,1942,Physiology or Medicine,1995,7200000,Germany,female,53
Christopher A. Pissarides,1948,Economic Sciences,2010,10000000,Cyprus,male,62
Christopher A. Sims,1942,Economic Sciences,2011,10000000,USA,male,69
Claude Cohen-Tannoudji,1933,Physics,1997,7500000,French Algeria,male,64
Claude Simon,1913,Literature,1985,1800000,Madagascar,male,72
Claudia Goldin,1946,Economic Sciences,2023,11000000,USA,female,77
Clifford G. Shull,1915,Physics,1994,7000000,USA,male,79
Clinton Davisson,1881,Physics,1937,158463,USA,male,56
Clive W.J. Granger,1934,Economic Sciences,2003,10000000,United Kingdom,male,69
Cordell Hull,1871,Peace,1945,121333,USA,male,74
Corneille Heymans,1892,Physiology or Medicine,1938,155077,Belgium,male,46
Craig C. Mello,1960,Physiology or Medicine,2006,10000000,USA,male,46
Czesław Miłosz,1911,Literature,1980,880000,Russian Empire,male,69
D. Carleton Gajdusek,1923,Physiology or Medicine,1976,681000,USA,male,53
Dag Hammarskjöld,1905,Peace,1961,250233,Sweden,male,56
Dale T. Mortensen,1939,Economic Sciences,2010,10000000,USA,male,71
Dan Shechtman,1941,Chemistry,2011,10000000,British Mandate of Palestine,male,70
Daniel Bovet,1907,Physiology or Medicine,1957,208629,Switzerland,male,50
Daniel C. Tsui,1939,Physics,1998,7600000,China,male,59
Daniel Kahneman,1934,Economic Sciences,2002,10000000,British Mandate of Palestine,male,68
Daniel L. McFadden,1937,Economic Sciences,2000,9000000,USA,male,63
Daniel Nathans,1928,Physiology or Medicine,1978,725000,USA,male,50
Dario Fo,1926,Literature,1997,7500000,Italy,male,71
Daron Acemoglu,1967,Economic Sciences,2024,11000000,Turkey,male,57
David Baker,1962,Chemistry,2024,11000000,USA,male,62
David Baltimore,1938,Physiology or Medicine,1975,630000,USA,male,37
David Card,1956,Economic Sciences,2021,10000000,Canada,male,65
David H. Hubel,1926,Physiology or Medicine,1981,1000000,Canada,male,55
David J. Gross,1941,Physics,2004,10000000,USA,male,63
David J. Thouless,1934,Physics,2016,8000000,United Kingdom,male,82
David J. Wineland,1944,Physics,2012,8000000,USA,male,68
David Julius,1955,Physiology or Medicine,2021,10000000,USA,male,66
David M. Lee,1931,Physics,1996,7400000,USA,male,65
David Trimble,1944,Peace,1998,7600000,Northern Ireland,male,54
David W.C. MacMillan,1968,Chemistry,2021,10000000,United Kingdom,male,53
Demis Hassabis,1976,Chemistry,2024,11000000,United Kingdom,male,48
Denis Mukwege,1955,Peace,2018,9000000,Belgian Congo,male,63
Dennis Gabor,1900,Physics,1971,450000,Hungary,male,71
Derek Barton,1918,Chemistry,1969,375000,United Kingdom,male,51
Derek Walcott,1930,Literature,1992,6500000,Saint Lucia,male,62
Desmond Tutu,1931,Peace,1984,1650000,South Africa,male,53
Dickinson W. Richards,1895,Physiology or Medicine,1956,200123,USA,male,61
Didier Queloz,1966,Physics,2019,9000000,Switzerland,male,53
Dmitry Muratov,1961,Peace,2021,10000000,USSR,male,60
NA,NA,Peace,1999,7900000,NA,NA,NA
Donald A. Glaser,1926,Physics,1960,225987,USA,male,34
Donald J. Cram,1919,Chemistry,1987,2175000,USA,male,68
Donna Strickland,1959,Physics,2018,9000000,Canada,female,59
Doris Lessing,1919,Literature,2007,10000000,Persia,female,88
Dorothy Crowfoot Hodgkin,1910,Chemistry,1964,273000,Egypt,female,54
Douglas D. Osheroff,1945,Physics,1996,7400000,USA,male,51
Douglas Diamond,1953,Economic Sciences,2022,10000000,USA,male,69
Douglass C. North,1920,Economic Sciences,1993,6700000,USA,male,73
Drew Weissman,1959,Physiology or Medicine,2023,11000000,USA,male,64
Dudley R. Herschbach,1932,Chemistry,1986,2000000,USA,male,54
E. Donnall Thomas,1920,Physiology or Medicine,1990,4000000,USA,male,70
E. M. Purcell,1912,Physics,1952,171135,USA,male,40
"Earl W. Sutherland, Jr.",1915,Physiology or Medicine,1971,450000,USA,male,56
Edgar Adrian,1889,Physiology or Medicine,1932,171753,United Kingdom,male,43
Edmond H. Fischer,1920,Physiology or Medicine,1992,6500000,China,male,72
Edmund S. Phelps,1933,Economic Sciences,2006,10000000,USA,male,73
Eduard Buchner,1860,Chemistry,1907,138796,Bavaria,male,47
Edvard I. Moser,1962,Physiology or Medicine,2014,8000000,Norway,male,52
Edward A. Doisy,1893,Physiology or Medicine,1943,123691,USA,male,50
Edward B. Lewis,1918,Physiology or Medicine,1995,7200000,USA,male,77
Edward C. Kendall,1886,Physiology or Medicine,1950,164304,USA,male,64
Edward C. Prescott,1940,Economic Sciences,2004,10000000,USA,male,64
Edward Tatum,1909,Physiology or Medicine,1958,214559,USA,male,49
Edward V. Appleton,1892,Physics,1947,146115,United Kingdom,male,55
Edwin G. Krebs,1918,Physiology or Medicine,1992,6500000,USA,male,74
Edwin M. McMillan,1907,Chemistry,1951,167612,USA,male,44
Egas Moniz,1874,Physiology or Medicine,1949,156290,Portugal,male,75
Ei-ichi Negishi,1935,Chemistry,2010,10000000,China,male,75
Eisaku Satō,1901,Peace,1974,550000,Japan,male,73
Elfriede Jelinek,1946,Literature,2004,10000000,Austria,female,58
Elias Canetti,1905,Literature,1981,1000000,Bulgaria,male,76
Elias James Corey,1928,Chemistry,1990,4000000,USA,male,62
Élie Ducommun,1833,Peace,1902,141847,Switzerland,male,69
Elie Wiesel,1928,Peace,1986,2000000,Romania,male,58
Elihu Root,1845,Peace,1912,140476,USA,male,67
Elinor Ostrom,1933,Economic Sciences,2009,10000000,USA,female,76
Elizabeth H. Blackburn,1948,Physiology or Medicine,2009,10000000,Australia,female,61
Ellen Johnson Sirleaf,1938,Peace,2011,10000000,Liberia,female,73
Emil Fischer,1852,Chemistry,1902,141847,Prussia,male,50
Emil von Behring,1854,Physiology or Medicine,1901,150782,Prussia,male,47
Emilio Segrè,1905,Physics,1959,220678,Italy,male,54
Emily Greene Balch,1867,Peace,1946,121524,USA,female,79
Emmanuelle Charpentier,1968,Chemistry,2020,10000000,France,female,52
Enrico Fermi,1901,Physics,1938,155077,Italy,male,37
Eric Betzig,1960,Chemistry,2014,8000000,USA,male,54
Eric Cornell,1961,Physics,2001,10000000,USA,male,40
Eric F. Wieschaus,1947,Physiology or Medicine,1995,7200000,USA,male,48
Eric Kandel,1929,Physiology or Medicine,2000,9000000,Austria,male,71
Eric S. Maskin,1950,Economic Sciences,2007,10000000,USA,male,57
Erik Axel Karlfeldt,1864,Literature,1931,173206,Sweden,male,67
Ernest Hemingway,1899,Literature,1954,181647,USA,male,55
Ernest Lawrence,1901,Physics,1939,148822,USA,male,38
Ernest Rutherford,1871,Chemistry,1908,139800,New Zealand,male,37
Ernest T.S. Walton,1903,Physics,1951,167612,Ireland,male,48
Ernesto Teodoro Moneta,1833,Peace,1907,138796,Austrian Empire,male,74
Ernst B. Chain,1906,Physiology or Medicine,1945,121333,Germany,male,39
Ernst Otto Fischer,1918,Chemistry,1973,510000,Germany,male,55
Ernst Ruska,1906,Physics,1986,2000000,Germany,male,80
Erwin Neher,1944,Physiology or Medicine,1991,6000000,Germany,male,47
Erwin Schrödinger,1887,Physics,1933,170332,Austria,male,46
Esther Duflo,1972,Economic Sciences,2019,9000000,France,female,47
Eugene F. Fama,1939,Economic Sciences,2013,8000000,USA,male,74
Eugene O'Neill,1888,Literature,1936,159850,USA,male,48
Eugene Wigner,1902,Physics,1963,265000,Austria-Hungary,male,61
Eugenio Montale,1896,Literature,1975,630000,Italy,male,79
NA,NA,Peace,2012,8000000,NA,NA,NA
Eyvind Johnson,1900,Literature,1974,550000,Sweden,male,74
F. Duncan M. Haldane,1951,Physics,2016,8000000,United Kingdom,male,65
F. Sherwood Rowland,1927,Chemistry,1995,7200000,USA,male,68
F.W. de Klerk,1936,Peace,1993,6700000,South Africa,male,57
Felix Bloch,1905,Physics,1952,171135,Switzerland,male,47
Feodor Lynen,1911,Physiology or Medicine,1964,273000,Germany,male,53
Ferdinand Braun,1850,Physics,1909,139800,Hesse-Kassel,male,59
Ferdinand Buisson,1841,Peace,1927,126501,France,male,86
Ferenc Krausz,1962,Physics,2023,11000000,Hungary,male,61
Ferid Murad,1936,Physiology or Medicine,1998,7600000,USA,male,62
Finn E. Kydland,1943,Economic Sciences,2004,10000000,Norway,male,61
Frances H. Arnold,1956,Chemistry,2018,9000000,USA,female,62
Francis Crick,1916,Physiology or Medicine,1962,257220,United Kingdom,male,46
Francis W. Aston,1877,Chemistry,1922,122483,United Kingdom,male,45
Franco Modigliani,1918,Economic Sciences,1985,1800000,Italy,male,67
François Englert,1932,Physics,2013,8000000,Belgium,male,81
François Jacob,1920,Physiology or Medicine,1965,282000,France,male,45
François Mauriac,1885,Literature,1952,171135,France,male,67
Françoise Barré-Sinoussi,1947,Physiology or Medicine,2008,10000000,France,female,61
Frank B. Kellogg,1856,Peace,1929,172760,USA,male,73
Frank Wilczek,1951,Physics,2004,10000000,USA,male,53
Frans Eemil Sillanpää,1888,Literature,1939,148822,Russian Empire,male,51
Fred Ramsdell,1960,Physiology or Medicine,2025,11000000,USA,male,65
Frédéric Joliot,1900,Chemistry,1935,159917,France,male,35
Frédéric Mistral,1830,Literature,1904,140859,France,male,74
Frédéric Passy,1822,Peace,1901,150782,France,male,79
Frederick C. Robbins,1916,Physiology or Medicine,1954,181647,USA,male,38
Frederick G. Banting,1891,Physiology or Medicine,1923,114935,Canada,male,32
Frederick Reines,1918,Physics,1995,7200000,USA,male,77
Frederick Sanger,1918,Chemistry,1958,214559,United Kingdom,male,40
Frederick Soddy,1877,Chemistry,1921,121573,United Kingdom,male,44
Fredrik Bajer,1837,Peace,1908,139800,Denmark,male,71
Fridtjof Nansen,1861,Peace,1922,122483,Norway,male,61
Friedrich Bergius,1884,Chemistry,1931,173206,Germany,male,47
Friedrich von Hayek,1899,Economic Sciences,1974,550000,Austria,male,75
NA,NA,Peace,1947,146115,NA,NA,NA
Frits Zernike,1888,Physics,1953,175293,the Netherlands,male,65
Fritz Haber,1868,Chemistry,1918,138198,Prussia,male,50
Fritz Lipmann,1899,Physiology or Medicine,1953,175293,Germany,male,54
Fritz Pregl,1869,Chemistry,1923,114935,Austria-Hungary,male,54
Gabriel García Márquez,1927,Literature,1982,1150000,Colombia,male,55
Gabriel Lippmann,1845,Physics,1908,139800,Luxembourg,male,63
Gabriela Mistral,1889,Literature,1945,121333,Chile,female,56
Gao Xingjian,1940,Literature,2000,9000000,China,male,60
Gary Becker,1930,Economic Sciences,1992,6500000,USA,male,62
Gary Ruvkun,1952,Physiology or Medicine,2024,11000000,USA,male,72
Geoffrey Hinton,1947,Physics,2024,11000000,United Kingdom,male,77
Geoffrey Wilkinson,1921,Chemistry,1973,510000,United Kingdom,male,52
Georg von Békésy,1899,Physiology or Medicine,1961,250233,Hungary,male,62
Georg Wittig,1897,Chemistry,1979,800000,Germany,male,82
George A. Akerlof,1940,Economic Sciences,2001,10000000,USA,male,61
George A. Olah,1927,Chemistry,1994,7000000,Hungary,male,67
George Beadle,1903,Physiology or Medicine,1958,214559,USA,male,55
George Bernard Shaw,1856,Literature,1925,118165,Ireland,male,69
George C. Marshall,1880,Peace,1953,175293,USA,male,73
George D. Snell,1903,Physiology or Medicine,1980,880000,USA,male,77
George de Hevesy,1885,Chemistry,1943,123691,Austria-Hungary,male,58
George E. Palade,1912,Physiology or Medicine,1974,550000,Romania,male,62
George E. Smith,1930,Physics,2009,10000000,USA,male,79
George F. Smoot,1945,Physics,2006,10000000,USA,male,61
George H. Hitchings,1905,Physiology or Medicine,1988,2500000,USA,male,83
George H. Whipple,1878,Physiology or Medicine,1934,162608,USA,male,56
George J. Stigler,1911,Economic Sciences,1982,1150000,USA,male,71
George P. Smith,1941,Chemistry,2018,9000000,USA,male,77
George Paget Thomson,1892,Physics,1937,158463,United Kingdom,male,45
George Porter,1920,Chemistry,1967,320000,United Kingdom,male,47
George R. Minot,1885,Physiology or Medicine,1934,162608,USA,male,49
George Wald,1906,Physiology or Medicine,1967,320000,USA,male,61
Georges Charpak,1924,Physics,1992,6500000,Poland,male,68
Georges J.F. Köhler,1946,Physiology or Medicine,1984,1650000,Germany,male,38
Georges Pire,1910,Peace,1958,214559,Belgium,male,48
Gerald M. Edelman,1929,Physiology or Medicine,1972,480000,USA,male,43
Gerard Debreu,1921,Economic Sciences,1983,1500000,France,male,62
Gérard Mourou,1944,Physics,2018,9000000,France,male,74
Gerardus 't Hooft,1946,Physics,1999,7900000,the Netherlands,male,53
Gerd Binnig,1947,Physics,1986,2000000,West Germany,male,39
Gerhard Domagk,1895,Physiology or Medicine,1939,148822,Germany,male,44
Gerhard Ertl,1936,Chemistry,2007,10000000,Germany,male,71
Gerhard Herzberg,1904,Chemistry,1971,450000,Germany,male,67
Gerhart Hauptmann,1862,Literature,1912,140476,Prussia,male,50
Gertrude B. Elion,1918,Physiology or Medicine,1988,2500000,USA,female,70
Gerty Cori,1896,Physiology or Medicine,1947,146115,Austria-Hungary,female,51
Giorgio Parisi,1948,Physics,2021,10000000,Italy,male,73
Giorgos Seferis,1900,Literature,1963,265000,Ottoman Empire,male,63
Giosuè Carducci,1835,Literature,1906,138536,Tuscany,male,71
Giulio Natta,1903,Chemistry,1963,265000,Italy,male,60
Glenn T. Seaborg,1912,Chemistry,1951,167612,USA,male,39
Godfrey N. Hounsfield,1919,Physiology or Medicine,1979,800000,United Kingdom,male,60
NA,NA,Peace,2006,10000000,NA,NA,NA
Grazia Deledda,1871,Literature,1926,116960,Italy,female,55
Gregg L. Semenza,1956,Physiology or Medicine,2019,9000000,USA,male,63
Guglielmo Marconi,1874,Physics,1909,139800,Italy,male,35
Guido W. Imbens,1963,Economic Sciences,2021,10000000,the Netherlands,male,58
Gunnar Myrdal,1898,Economic Sciences,1974,550000,Sweden,male,76
Günter Blobel,1936,Physiology or Medicine,1999,7900000,Germany,male,63
Günter Grass,1927,Literature,1999,7900000,Free City of Danzig,male,72
Gustaf Dalén,1869,Physics,1912,140476,Sweden,male,43
Gustav Hertz,1887,Physics,1925,118165,Germany,male,38
Gustav Stresemann,1878,Peace,1926,116960,Germany,male,48
H. David Politzer,1949,Physics,2004,10000000,USA,male,55
H. Gobind Khorana,1922,Physiology or Medicine,1968,350000,India,male,46
H. Robert Horvitz,1947,Physiology or Medicine,2002,10000000,USA,male,55
Halldór Laxness,1902,Literature,1955,190214,Iceland,male,53
Hamilton O. Smith,1931,Physiology or Medicine,1978,725000,USA,male,47
Han Kang,1970,Literature,2024,11000000,South Korea,female,54
Hannes Alfvén,1908,Physics,1970,400000,Sweden,male,62
Hans Bethe,1906,Physics,1967,320000,Germany,male,61
Hans Fischer,1881,Chemistry,1930,172947,Germany,male,49
Hans G. Dehmelt,1922,Physics,1989,3000000,Prussia,male,67
Hans Krebs,1900,Physiology or Medicine,1953,175293,Germany,male,53
Hans Spemann,1869,Physiology or Medicine,1935,159917,Württemberg,male,66
Hans von Euler-Chelpin,1873,Chemistry,1929,172760,Germany,male,56
Harald zur Hausen,1936,Physiology or Medicine,2008,10000000,Germany,male,72
Harold C. Urey,1893,Chemistry,1934,162608,USA,male,41
Harold E. Varmus,1939,Physiology or Medicine,1989,3000000,USA,male,50
Harold Pinter,1930,Literature,2005,10000000,United Kingdom,male,75
Harry M. Markowitz,1927,Economic Sciences,1990,4000000,USA,male,63
Harry Martinson,1904,Literature,1974,550000,Sweden,male,70
Hartmut Michel,1948,Chemistry,1988,2500000,West Germany,male,40
Harvey J. Alter,1935,Physiology or Medicine,2020,10000000,USA,male,85
Heike Kamerlingh Onnes,1853,Physics,1913,143010,the Netherlands,male,60
Heinrich Böll,1917,Literature,1972,480000,Germany,male,55
Heinrich Rohrer,1933,Physics,1986,2000000,Switzerland,male,53
Heinrich Wieland,1877,Chemistry,1927,126501,Germany,male,50
Hendrik A. Lorentz,1853,Physics,1902,141847,the Netherlands,male,49
Henri Becquerel,1852,Physics,1903,141358,France,male,51
Henri Bergson,1859,Literature,1927,126501,France,male,68
Henri La Fontaine,1854,Peace,1913,143010,Belgium,male,59
Henri Moissan,1852,Chemistry,1906,138536,France,male,54
Henrik Dam,1895,Physiology or Medicine,1943,123691,Denmark,male,48
Henrik Pontoppidan,1857,Literature,1917,133823,Denmark,male,60
Henry Dunant,1828,Peace,1901,150782,Switzerland,male,73
Henry Kissinger,1923,Peace,1973,510000,Germany,male,50
Henry Taube,1915,Chemistry,1983,1500000,Canada,male,68
Henry W. Kendall,1926,Physics,1990,4000000,USA,male,64
Henryk Sienkiewicz,1846,Literature,1905,138089,Poland,male,59
Herbert A. Hauptman,1917,Chemistry,1985,1800000,USA,male,68
Herbert C. Brown,1912,Chemistry,1979,800000,United Kingdom,male,67
Herbert Kroemer,1928,Physics,2000,9000000,Germany,male,72
Herbert S. Gasser,1888,Physiology or Medicine,1944,121841,USA,male,56
Herbert Simon,1916,Economic Sciences,1978,725000,USA,male,62
Hermann Hesse,1877,Literature,1946,121524,Germany,male,69
Hermann J. Muller,1890,Physiology or Medicine,1946,121524,USA,male,56
Hermann Staudinger,1881,Chemistry,1953,175293,Germany,male,72
Herta Müller,1953,Literature,2009,10000000,Romania,female,56
Hideki Shirakawa,1936,Chemistry,2000,9000000,Japan,male,64
Hideki Yukawa,1907,Physics,1949,156290,Japan,male,42
Hiroshi Amano,1960,Physics,2014,8000000,Japan,male,54
Hjalmar Branting,1860,Peace,1921,121573,Sweden,male,61
Horst L. Störmer,1949,Physics,1998,7600000,West Germany,male,49
Howard M. Temin,1934,Physiology or Medicine,1975,630000,USA,male,41
Hugo Theorell,1903,Physiology or Medicine,1955,190214,Sweden,male,52
Igor Y. Tamm,1895,Physics,1958,214559,Russia,male,63
Il´ja M. Frank,1908,Physics,1958,214559,Russia,male,50
Ilya Mechnikov,1845,Physiology or Medicine,1908,139800,Russian Empire,male,63
Ilya Prigogine,1917,Chemistry,1977,700000,Russia,male,60
Imre Kertész,1929,Literature,2002,10000000,Hungary,male,73
NA,NA,Peace,1904,140859,NA,NA,NA
NA,NA,Peace,2007,10000000,NA,NA,NA
NA,NA,Peace,2005,10000000,NA,NA,NA
NA,NA,Peace,2017,9000000,NA,NA,NA
NA,NA,Peace,1997,7500000,NA,NA,NA
NA,NA,Peace,1917,133823,NA,NA,NA
NA,NA,Peace,1969,375000,NA,NA,NA
NA,NA,Peace,1985,1800000,NA,NA,NA
Irène Joliot-Curie,1897,Chemistry,1935,159917,France,female,38
Irving Langmuir,1881,Chemistry,1932,171753,USA,male,51
Irwin Rose,1926,Chemistry,2004,10000000,USA,male,78
Isaac Bashevis Singer,1904,Literature,1978,725000,Russian Empire,male,74
Isamu Akasaki,1929,Physics,2014,8000000,Japan,male,85
Isidor Isaac Rabi,1898,Physics,1944,121841,Austria-Hungary,male,46
Ivan Bunin,1870,Literature,1933,170332,Russia,male,63
Ivan Pavlov,1849,Physiology or Medicine,1904,140859,Russia,male,55
Ivar Giaever,1929,Physics,1973,510000,Norway,male,44
Ivo Andrić,1892,Literature,1961,250233,Bosnia,male,69
J. Georg Bednorz,1950,Physics,1987,2175000,West Germany,male,37
J. Hans D. Jensen,1907,Physics,1963,265000,Germany,male,56
J. M. Coetzee,1940,Literature,2003,10000000,South Africa,male,63
J. Michael Bishop,1936,Physiology or Medicine,1989,3000000,USA,male,53
J. Michael Kosterlitz,1943,Physics,2016,8000000,United Kingdom,male,73
J. Robin Warren,1937,Physiology or Medicine,2005,10000000,Australia,male,68
J.J. Thomson,1856,Physics,1906,138536,United Kingdom,male,50
Jacinto Benavente,1866,Literature,1922,122483,Spain,male,56
Jack Kilby,1923,Physics,2000,9000000,USA,male,77
Jack Steinberger,1921,Physics,1988,2500000,Germany,male,67
Jack W. Szostak,1952,Physiology or Medicine,2009,10000000,United Kingdom,male,57
Jacobus H. van 't Hoff,1852,Chemistry,1901,150782,the Netherlands,male,49
Jacques Dubochet,1942,Chemistry,2017,9000000,Switzerland,male,75
Jacques Monod,1910,Physiology or Medicine,1965,282000,France,male,55
James A. Mirrlees,1936,Economic Sciences,1996,7400000,Scotland,male,60
James A. Robinson,1960,Economic Sciences,2024,11000000,NA,male,64
James B. Sumner,1887,Chemistry,1946,121524,USA,male,59
James Chadwick,1891,Physics,1935,159917,United Kingdom,male,44
James Cronin,1931,Physics,1980,880000,USA,male,49
James E. Meade,1907,Economic Sciences,1977,700000,United Kingdom,male,70
James E. Rothman,1950,Physiology or Medicine,2013,8000000,USA,male,63
James Franck,1882,Physics,1925,118165,Germany,male,43
James J. Heckman,1944,Economic Sciences,2000,9000000,USA,male,56
James M. Buchanan Jr.,1919,Economic Sciences,1986,2000000,USA,male,67
James P. Allison,1948,Physiology or Medicine,2018,9000000,USA,male,70
James Peebles,1935,Physics,2019,9000000,Canada,male,84
James Rainwater,1917,Physics,1975,630000,USA,male,58
James Tobin,1918,Economic Sciences,1981,1000000,USA,male,63
James Watson,1928,Physiology or Medicine,1962,257220,USA,male,34
Jan Tinbergen,1903,Economic Sciences,1969,375000,the Netherlands,male,66
Jane Addams,1860,Peace,1931,173206,USA,female,71
Jaroslav Heyrovsky,1890,Chemistry,1959,220678,Austria-Hungary,male,69
Jaroslav Seifert,1901,Literature,1984,1650000,Austria-Hungary,male,83
Jean Baptiste Perrin,1870,Physics,1926,116960,France,male,56
Jean Dausset,1916,Physiology or Medicine,1980,880000,France,male,64
Jean Tirole,1953,Economic Sciences,2014,8000000,France,male,61
Jean-Marie Gustave Le Clézio,1940,Literature,2008,10000000,France,male,68
Jean-Marie Lehn,1939,Chemistry,1987,2175000,France,male,48
Jean-Paul Sartre,1905,Literature,1964,273000,France,male,59
Jean-Pierre Sauvage,1944,Chemistry,2016,8000000,France,male,72
Jeffrey C. Hall,1945,Physiology or Medicine,2017,9000000,USA,male,72
Jennifer A. Doudna,1964,Chemistry,2020,10000000,USA,female,56
Jens C. Skou,1918,Chemistry,1997,7500000,Denmark,male,79
Jerome I. Friedman,1930,Physics,1990,4000000,USA,male,60
Jerome Karle,1918,Chemistry,1985,1800000,USA,male,67
Jimmy Carter,1924,Peace,2002,10000000,USA,male,78
Joachim Frank,1940,Chemistry,2017,9000000,Germany,male,77
Jody Williams,1950,Peace,1997,7500000,USA,female,47
Joel Mokyr,1946,Economic Sciences,2025,11000000,the Netherlands,male,79
Johann Deisenhofer,1943,Chemistry,1988,2500000,Germany,male,45
Johannes Diderik van der Waals,1837,Physics,1910,140703,the Netherlands,male,73
Johannes Fibiger,1867,Physiology or Medicine,1926,116960,Denmark,male,59
Johannes Stark,1874,Physics,1919,133127,Germany,male,45
Johannes V. Jensen,1873,Literature,1944,121841,Denmark,male,71
John B. Fenn,1917,Chemistry,2002,10000000,USA,male,85
John B. Goodenough,1922,Chemistry,2019,9000000,Germany,male,97
John Bardeen,1908,Physics,1956,200123,USA,male,48
John C. Harsanyi,1920,Economic Sciences,1994,7000000,Hungary,male,74
John C. Kendrew,1917,Chemistry,1962,257220,United Kingdom,male,45
John C. Mather,1946,Physics,2006,10000000,USA,male,60
John C. Polanyi,1929,Chemistry,1986,2000000,Germany,male,57
John Clarke,1942,Physics,2025,11000000,United Kingdom,male,83
John Clauser,1942,Physics,2022,10000000,USA,male,80
John Cockcroft,1897,Physics,1951,167612,United Kingdom,male,54
John Cornforth,1917,Chemistry,1975,630000,Australia,male,58
John E. Sulston,1942,Physiology or Medicine,2002,10000000,United Kingdom,male,60
John E. Walker,1941,Chemistry,1997,7500000,United Kingdom,male,56
John F. Enders,1897,Physiology or Medicine,1954,181647,USA,male,57
John F. Nash Jr.,1928,Economic Sciences,1994,7000000,USA,male,66
John Galsworthy,1867,Literature,1932,171753,United Kingdom,male,65
John H. Northrop,1891,Chemistry,1946,121524,USA,male,55
John H. Van Vleck,1899,Physics,1977,700000,USA,male,78
John Hume,1937,Peace,1998,7600000,Northern Ireland,male,61
John J. Hopfield,1933,Physics,2024,11000000,USA,male,91
John Jumper,1985,Chemistry,2024,11000000,USA,male,39
John L. Hall,1934,Physics,2005,10000000,USA,male,71
John M. Martinis,1958,Physics,2025,11000000,NA,male,67
John Macleod,1876,Physiology or Medicine,1923,114935,Scotland,male,47
John O'Keefe,1939,Physiology or Medicine,2014,8000000,USA,male,75
John Pople,1925,Chemistry,1998,7600000,United Kingdom,male,73
John R. Hicks,1904,Economic Sciences,1972,480000,United Kingdom,male,68
John R. Mott,1865,Peace,1946,121524,USA,male,81
John R. Vane,1927,Physiology or Medicine,1982,1150000,United Kingdom,male,55
John Steinbeck,1902,Literature,1962,257220,USA,male,60
Jon Fosse,1959,Literature,2023,11000000,Norway,male,64
José Echegaray,1832,Literature,1904,140859,Spain,male,72
José Ramos-Horta,1949,Peace,1996,7400000,East Timor,male,47
José Saramago,1922,Literature,1998,7600000,Portugal,male,76
Joseph Brodsky,1940,Literature,1987,2175000,USSR,male,47
Joseph E. Murray,1919,Physiology or Medicine,1990,4000000,USA,male,71
Joseph E. Stiglitz,1943,Economic Sciences,2001,10000000,USA,male,58
Joseph Erlanger,1874,Physiology or Medicine,1944,121841,USA,male,70
Joseph H. Taylor Jr.,1941,Physics,1993,6700000,USA,male,52
Joseph L. Goldstein,1940,Physiology or Medicine,1985,1800000,USA,male,45
Joseph Rotblat,1908,Peace,1995,7200000,Russian Empire,male,87
Joshua D. Angrist,1960,Economic Sciences,2021,10000000,USA,male,61
Joshua Lederberg,1925,Physiology or Medicine,1958,214559,USA,male,33
Juan Manuel Santos,1951,Peace,2016,8000000,Colombia,male,65
Juan Ramón Jiménez,1881,Literature,1956,200123,Spain,male,75
Jules A. Hoffmann,1941,Physiology or Medicine,2011,10000000,Luxembourg,male,70
Jules Bordet,1870,Physiology or Medicine,1919,133127,Belgium,male,49
Julian Schwinger,1918,Physics,1965,282000,USA,male,47
Julius Axelrod,1912,Physiology or Medicine,1970,400000,USA,male,58
Julius Wagner-Jauregg,1857,Physiology or Medicine,1927,126501,Austria,male,70
K. Alex Müller,1927,Physics,1987,2175000,Switzerland,male,60
K. Barry Sharpless,1941,Chemistry,2001,10000000,USA,male,60
Kai M. Siegbahn,1918,Physics,1981,1000000,Sweden,male,63
Kailash Satyarthi,1954,Peace,2014,8000000,India,male,60
Karl Gjellerup,1857,Literature,1917,133823,Denmark,male,60
Karl Landsteiner,1868,Physiology or Medicine,1930,172947,Austrian Empire,male,62
Karl von Frisch,1886,Physiology or Medicine,1973,510000,Austria,male,87
Karl Ziegler,1898,Chemistry,1963,265000,Germany,male,65
Kary B. Mullis,1944,Chemistry,1993,6700000,USA,male,49
Katalin Karikó,1955,Physiology or Medicine,2023,11000000,Hungary,female,68
Kazuo Ishiguro,1954,Literature,2017,9000000,Japan,male,63
Keffer Hartline,1903,Physiology or Medicine,1967,320000,USA,male,64
Kenichi Fukui,1918,Chemistry,1981,1000000,Japan,male,63
Kenneth G. Wilson,1936,Physics,1982,1150000,USA,male,46
Kenneth J. Arrow,1921,Economic Sciences,1972,480000,USA,male,51
Kenzaburo Oe,1935,Literature,1994,7000000,Japan,male,59
Kim Dae-jung,1924,Peace,2000,9000000,Korea,male,76
Kip S. Thorne,1940,Physics,2017,9000000,USA,male,77
Klas Pontus Arnoldson,1844,Peace,1908,139800,Sweden,male,64
Klaus Hasselmann,1931,Physics,2021,10000000,Germany,male,90
Klaus von Klitzing,1943,Physics,1985,1800000,German-occupied Poland,male,42
Knut Hamsun,1859,Literature,1920,134100,Norway,male,61
Kofi Annan,1938,Peace,2001,10000000,Gold Coast,male,63
Koichi Tanaka,1959,Chemistry,2002,10000000,Japan,male,43
Konrad Bloch,1912,Physiology or Medicine,1964,273000,Germany,male,52
Konrad Lorenz,1903,Physiology or Medicine,1973,510000,Austria,male,70
Konstantin Novoselov,1974,Physics,2010,10000000,Russia,male,36
Kurt Alder,1902,Chemistry,1950,164304,Prussia,male,48
Kurt Wüthrich,1938,Chemistry,2002,10000000,Switzerland,male,64
Lars Onsager,1903,Chemistry,1968,350000,Norway,male,65
Lars Peter Hansen,1952,Economic Sciences,2013,8000000,USA,male,61
László Krasznahorkai,1954,Literature,2025,11000000,Hungary,male,71
Lawrence Bragg,1890,Physics,1915,149223,Australia,male,25
Lawrence R. Klein,1920,Economic Sciences,1980,880000,USA,male,60
Le Duc Tho ,1911,Peace,1973,510000,Vietnam,male,62
NA,NA,Peace,1963,265000,NA,NA,NA
Lech Wałęsa,1943,Peace,1983,1500000,Poland,male,40
Leland Hartwell,1939,Physiology or Medicine,2001,10000000,USA,male,62
Leo Esaki,1925,Physics,1973,510000,Japan,male,48
Léon Bourgeois,1851,Peace,1920,134100,France,male,69
Léon Jouhaux,1879,Peace,1951,167612,France,male,72
Leon M. Lederman,1922,Physics,1988,2500000,USA,male,66
Leon N. Cooper,1930,Physics,1972,480000,USA,male,42
Leonid Hurwicz,1917,Economic Sciences,2007,10000000,Russia,male,90
Leonid Vitaliyevich Kantorovich,1912,Economic Sciences,1975,630000,Russian Empire,male,63
Leopold Ruzicka,1887,Chemistry,1939,148822,Austria-Hungary,male,52
Lester Bowles Pearson,1897,Peace,1957,208629,Canada,male,60
Lev Landau,1908,Physics,1962,257220,Russian Empire,male,54
Leymah Gbowee,1972,Peace,2011,10000000,Liberia,female,39
Linda B. Buck,1947,Physiology or Medicine,2004,10000000,USA,female,57
Linus Pauling,1901,Chemistry,1954,181647,USA,male,53
Liu Xiaobo,1955,Peace,2010,10000000,China,male,55
Lloyd S. Shapley,1923,Economic Sciences,2012,8000000,USA,male,89
Lord Boyd Orr,1880,Peace,1949,156290,Scotland,male,69
Lord Rayleigh,1842,Physics,1904,140859,United Kingdom,male,62
Lord Todd,1907,Chemistry,1957,208629,Scotland,male,50
Louis Brus,1943,Chemistry,2023,11000000,USA,male,80
Louis de Broglie,1892,Physics,1929,172760,France,male,37
Louis J. Ignarro,1941,Physiology or Medicine,1998,7600000,USA,male,57
Louis Néel,1904,Physics,1970,400000,France,male,66
Louis Renault,1843,Peace,1907,138796,France,male,64
Louise Glück,1943,Literature,2020,10000000,USA,female,77
Luc Montagnier,1932,Physiology or Medicine,2008,10000000,France,male,76
Ludwig Quidde,1858,Peace,1927,126501,Germany,male,69
Luigi Pirandello,1867,Literature,1934,162608,Italy,male,67
Luis Alvarez,1911,Physics,1968,350000,USA,male,57
Luis Leloir,1906,Chemistry,1970,400000,France,male,64
M. Stanley Whittingham,1941,Chemistry,2019,9000000,United Kingdom,male,78
Mairead Corrigan,1944,Peace,1976,681000,Northern Ireland,female,32
Makoto Kobayashi,1944,Physics,2008,10000000,Japan,male,64
Malala Yousafzai,1997,Peace,2014,8000000,Pakistan,female,17
Manfred Eigen,1927,Chemistry,1967,320000,Germany,male,40
Manne Siegbahn,1886,Physics,1924,116719,Sweden,male,38
Maria Corina Machado,1967,Peace,2025,11000000,Venezuela,female,58
Maria Goeppert Mayer,1906,Physics,1963,265000,Germany,female,57
Maria Ressa,1963,Peace,2021,10000000,Philippines,female,58
Marie Curie,1867,Physics,1903,141358,Russian Empire,female,36
Mario J. Molina,1943,Chemistry,1995,7200000,Mexico,male,52
Mario R. Capecchi,1937,Physiology or Medicine,2007,10000000,Italy,male,70
Mario Vargas Llosa,1936,Literature,2010,10000000,Peru,male,74
Marshall W. Nirenberg,1927,Physiology or Medicine,1968,350000,USA,male,41
Martin Chalfie,1947,Chemistry,2008,10000000,USA,male,61
Martin Karplus,1930,Chemistry,2013,8000000,Austria,male,83
Martin L. Perl,1927,Physics,1995,7200000,USA,male,68
Martin Luther King Jr.,1929,Peace,1964,273000,USA,male,35
Martin Rodbell,1925,Physiology or Medicine,1994,7000000,USA,male,69
Martin Ryle,1918,Physics,1974,550000,United Kingdom,male,56
Martinus J.G. Veltman,1931,Physics,1999,7900000,the Netherlands,male,68
Martti Ahtisaari,1937,Peace,2008,10000000,Finland,male,71
Mary E. Brunkow,1961,Physiology or Medicine,2025,11000000,USA,female,64
Masatoshi Koshiba,1926,Physics,2002,10000000,Japan,male,76
Maurice Allais,1911,Economic Sciences,1988,2500000,France,male,77
Maurice Maeterlinck,1862,Literature,1911,140695,Belgium,male,49
Maurice Wilkins,1916,Physiology or Medicine,1962,257220,New Zealand,male,46
Max Born,1882,Physics,1954,181647,Germany,male,72
Max Delbrück,1906,Physiology or Medicine,1969,375000,Germany,male,63
Max F. Perutz,1914,Chemistry,1962,257220,Austria,male,48
Max Planck,1858,Physics,1918,138198,Schleswig,male,60
Max Theiler,1899,Physiology or Medicine,1951,167612,South Africa,male,52
Max von Laue,1879,Physics,1914,146900,Germany,male,35
May-Britt Moser,1963,Physiology or Medicine,2014,8000000,Norway,female,51
Melvin Calvin,1911,Chemistry,1961,250233,USA,male,50
Melvin Schwartz,1932,Physics,1988,2500000,USA,male,56
NA,NA,Peace,2022,10000000,NA,NA,NA
Menachem Begin,1913,Peace,1978,725000,Russian Empire,male,65
Merton H. Miller,1923,Economic Sciences,1990,4000000,USA,male,67
Michael Houghton,1949,Physiology or Medicine,2020,10000000,United Kingdom,male,71
Michael Kremer,1964,Economic Sciences,2019,9000000,USA,male,55
Michael Levitt,1947,Chemistry,2013,8000000,South Africa,male,66
Michael Rosbash,1944,Physiology or Medicine,2017,9000000,USA,male,73
Michael S. Brown,1941,Physiology or Medicine,1985,1800000,USA,male,44
Michael Smith,1932,Chemistry,1993,6700000,United Kingdom,male,61
Michael W. Young,1949,Physiology or Medicine,2017,9000000,USA,male,68
Michel H. Devoret,1953,Physics,2025,11000000,France,male,72
Michel Mayor,1942,Physics,2019,9000000,Switzerland,male,77
Miguel Angel Asturias,1899,Literature,1967,320000,Guatemala,male,68
Mikhail Gorbachev,1931,Peace,1990,4000000,USSR,male,59
Mikhail Sholokhov,1905,Literature,1965,282000,Russia,male,60
Milton Friedman,1912,Economic Sciences,1976,681000,USA,male,64
Mo Yan,1956,Literature,2012,8000000,China,male,56
Mohamed ElBaradei,1942,Peace,2005,10000000,Egypt,male,63
Morten Meldal,1954,Chemistry,2022,10000000,Denmark,male,68
Mother Teresa,1910,Peace,1979,800000,Ottoman Empire,female,69
Moungi Bawendi,1961,Chemistry,2023,11000000,France,male,62
Muhammad Yunus,1940,Peace,2006,10000000,British India,male,66
Murray Gell-Mann,1929,Physics,1969,375000,USA,male,40
Myron Scholes,1941,Economic Sciences,1997,7500000,Canada,male,56
Nadia Murad,1993,Peace,2018,9000000,Iraq,female,25
Nadine Gordimer,1923,Literature,1991,6000000,South Africa,female,68
Naguib Mahfouz,1911,Literature,1988,2500000,Egypt,male,77
NA,NA,Peace,1938,155077,NA,NA,NA
Narges Mohammadi,1972,Peace,2023,11000000,Iran,female,51
Nathan Söderblom,1866,Peace,1930,172947,Sweden,male,64
NA,NA,Peace,2015,8000000,NA,NA,NA
Nelly Sachs,1891,Literature,1966,300000,Germany,female,75
Nelson Mandela,1918,Peace,1993,6700000,South Africa,male,75
Nicholas Murray Butler,1862,Peace,1931,173206,USA,male,69
Nicolaas Bloembergen,1920,Physics,1981,1000000,the Netherlands,male,61
Nicolay G. Basov,1922,Physics,1964,273000,USSR,male,42
Niels Bohr,1885,Physics,1922,122483,Denmark,male,37
Niels K. Jerne,1911,Physiology or Medicine,1984,1650000,United Kingdom,male,73
Niels Ryberg Finsen,1860,Physiology or Medicine,1903,141358,Faroe Islands (Denmark),male,43
NA,NA,Peace,2024,11000000,NA,NA,NA
Nikolaas Tinbergen,1907,Physiology or Medicine,1973,510000,the Netherlands,male,66
Nikolay Semenov,1896,Chemistry,1956,200123,Russia,male,60
Norman Borlaug,1914,Peace,1970,400000,USA,male,56
Norman F. Ramsey,1915,Physics,1989,3000000,USA,male,74
Norman Haworth,1883,Chemistry,1937,158463,United Kingdom,male,54
Octavio Paz,1914,Literature,1990,4000000,Mexico,male,76
Odd Hassel,1897,Chemistry,1969,375000,Norway,male,72
Odysseus Elytis,1911,Literature,1979,800000,Crete,male,68
NA,NA,Peace,1954,181647,NA,NA,NA
Olga Tokarczuk,1962,Literature,2018,9000000,Poland,female,56
Oliver E. Williamson,1932,Economic Sciences,2009,10000000,USA,male,77
Oliver Hart,1948,Economic Sciences,2016,8000000,United Kingdom,male,68
Oliver Smithies,1925,Physiology or Medicine,2007,10000000,United Kingdom,male,82
Omar M. Yaghi,1965,Chemistry,2025,11000000,Jordan,male,60
NA,NA,Peace,2013,8000000,NA,NA,NA
Orhan Pamuk,1952,Literature,2006,10000000,Turkey,male,54
Osamu Shimomura,1928,Chemistry,2008,10000000,Japan,male,80
Oscar Arias Sánchez,1940,Peace,1987,2175000,Costa Rica,male,47
Otto Diels,1876,Chemistry,1950,164304,Germany,male,74
Otto Hahn,1879,Chemistry,1944,121841,Germany,male,65
Otto Loewi,1873,Physiology or Medicine,1936,159850,Germany,male,63
Otto Meyerhof,1884,Physiology or Medicine,1922,122483,Germany,male,38
Otto Stern,1888,Physics,1943,123691,Germany,male,55
Otto Wallach,1847,Chemistry,1910,140703,Germany,male,63
Otto Warburg,1883,Physiology or Medicine,1931,173206,Germany,male,48
Owen Chamberlain,1920,Physics,1959,220678,USA,male,39
Owen Willans Richardson,1879,Physics,1928,156939,United Kingdom,male,49
Pablo Neruda,1904,Literature,1971,450000,Chile,male,67
Pär Lagerkvist,1891,Literature,1951,167612,Sweden,male,60
Patrick M.S. Blackett,1897,Physics,1948,159773,United Kingdom,male,51
Patrick Modiano,1945,Literature,2014,8000000,France,male,69
Patrick White,1912,Literature,1973,510000,United Kingdom,male,61
Paul A. Samuelson,1915,Economic Sciences,1970,400000,USA,male,55
Paul A.M. Dirac,1902,Physics,1933,170332,United Kingdom,male,31
Paul Berg,1926,Chemistry,1980,880000,USA,male,54
Paul C. Lauterbur,1929,Physiology or Medicine,2003,10000000,USA,male,74
Paul D. Boyer,1918,Chemistry,1997,7500000,USA,male,79
Paul Ehrlich,1854,Physiology or Medicine,1908,139800,Prussia,male,54
Paul Greengard,1925,Physiology or Medicine,2000,9000000,USA,male,75
Paul Henri d'Estournelles de Constant,1852,Peace,1909,139800,France,male,57
Paul Heyse,1830,Literature,1910,140703,Prussia,male,80
Paul J. Crutzen,1933,Chemistry,1995,7200000,the Netherlands,male,62
Paul J. Flory,1910,Chemistry,1974,550000,USA,male,64
Paul Karrer,1889,Chemistry,1937,158463,Russia,male,48
Paul Krugman,1953,Economic Sciences,2008,10000000,USA,male,55
Paul M. Romer,1955,Economic Sciences,2018,9000000,USA,male,63
Paul Modrich,1946,Chemistry,2015,8000000,USA,male,69
Paul Müller,1899,Physiology or Medicine,1948,159773,Switzerland,male,49
Paul R. Milgrom,1948,Economic Sciences,2020,10000000,USA,male,72
Paul Sabatier,1854,Chemistry,1912,140476,France,male,58
Pavel A. Cherenkov,1904,Physics,1958,214559,Russia,male,54
Pearl Buck,1892,Literature,1938,155077,USA,female,46
Percy W. Bridgman,1882,Physics,1946,121524,USA,male,64
NA,NA,Peace,1910,140703,NA,NA,NA
Peter A. Diamond,1940,Economic Sciences,2010,10000000,USA,male,70
Peter Agre,1949,Chemistry,2003,10000000,USA,male,54
Peter C. Doherty,1940,Physiology or Medicine,1996,7400000,Australia,male,56
Peter Debye,1884,Chemistry,1936,159850,the Netherlands,male,52
Peter Grünberg,1939,Physics,2007,10000000,Czechoslovakia,male,68
Peter Handke,1942,Literature,2019,9000000,Austria,male,77
Peter Higgs,1929,Physics,2013,8000000,United Kingdom,male,84
Peter Howitt,1946,Economic Sciences,2025,11000000,Canada,male,79
Peter Medawar,1915,Physiology or Medicine,1960,225987,Brazil,male,45
Peter Mitchell,1920,Chemistry,1978,725000,United Kingdom,male,58
Peyton Rous,1879,Physiology or Medicine,1966,300000,USA,male,87
Philip Dybvig,1955,Economic Sciences,2022,10000000,USA,male,67
Philip Noel-Baker,1889,Peace,1959,220678,United Kingdom,male,70
Philip S. Hench,1896,Physiology or Medicine,1950,164304,USA,male,54
Philip W. Anderson,1923,Physics,1977,700000,USA,male,54
Philipp Lenard,1862,Physics,1905,138089,Hungary,male,43
Philippe Aghion,1956,Economic Sciences,2025,11000000,France,male,69
Phillip A. Sharp,1944,Physiology or Medicine,1993,6700000,USA,male,49
Pierre Agostini,1941,Physics,2023,11000000,French protectorate of Tunisia,male,82
Pierre Curie,1859,Physics,1903,141358,France,male,44
Pierre-Gilles de Gennes,1932,Physics,1991,6000000,France,male,59
Pieter Zeeman,1865,Physics,1902,141847,the Netherlands,male,37
Polykarp Kusch,1911,Physics,1955,190214,Germany,male,44
NA,NA,Peace,1995,7200000,NA,NA,NA
Pyotr Kapitsa,1894,Physics,1978,725000,Russian Empire,male,84
Rabindranath Tagore,1861,Literature,1913,143010,India,male,52
Ragnar Frisch,1895,Economic Sciences,1969,375000,Norway,male,74
Ragnar Granit,1900,Physiology or Medicine,1967,320000,Russian Empire,male,67
Rainer Weiss,1932,Physics,2017,9000000,Germany,male,85
Ralph Bunche,1904,Peace,1950,164304,USA,male,46
Ralph M. Steinman,1943,Physiology or Medicine,2011,10000000,Canada,male,68
Randal Cremer,1828,Peace,1903,141358,United Kingdom,male,75
Randy W. Schekman,1948,Physiology or Medicine,2013,8000000,USA,male,65
Raymond Davis Jr.,1914,Physics,2002,10000000,USA,male,88
Reinhard Genzel,1952,Physics,2020,10000000,Germany,male,68
Reinhard Selten,1930,Economic Sciences,1994,7000000,Germany,male,64
Renato Dulbecco,1914,Physiology or Medicine,1975,630000,Italy,male,61
René Cassin,1887,Peace,1968,350000,France,male,81
Riccardo Giacconi,1931,Physics,2002,10000000,Italy,male,71
Richard Axel,1946,Physiology or Medicine,2004,10000000,USA,male,58
Richard E. Smalley,1943,Chemistry,1996,7400000,USA,male,53
Richard E. Taylor,1929,Physics,1990,4000000,Canada,male,61
Richard F. Heck,1931,Chemistry,2010,10000000,USA,male,79
Richard H. Thaler,1945,Economic Sciences,2017,9000000,USA,male,72
Richard Henderson,1945,Chemistry,2017,9000000,Scotland,male,72
Richard J. Roberts,1943,Physiology or Medicine,1993,6700000,United Kingdom,male,50
Richard Kuhn,1900,Chemistry,1938,155077,Austria-Hungary,male,38
Richard L.M. Synge,1914,Chemistry,1952,171135,United Kingdom,male,38
Richard P. Feynman,1918,Physics,1965,282000,USA,male,47
Richard R. Ernst,1933,Chemistry,1991,6000000,Switzerland,male,58
Richard R. Schrock,1945,Chemistry,2005,10000000,USA,male,60
Richard Robson,1937,Chemistry,2025,11000000,United Kingdom,male,88
Richard Stone,1913,Economic Sciences,1984,1650000,United Kingdom,male,71
Richard Willstätter,1872,Chemistry,1915,149223,Germany,male,43
Richard Zsigmondy,1865,Chemistry,1925,118165,Austrian Empire,male,60
Rigoberta Menchú Tum,1959,Peace,1992,6500000,Guatemala,female,33
Rita Levi-Montalcini,1909,Physiology or Medicine,1986,2000000,Italy,female,77
Roald Hoffmann,1937,Chemistry,1981,1000000,Poland,male,44
Robert A. Millikan,1868,Physics,1923,114935,USA,male,55
Robert B. Laughlin,1950,Physics,1998,7600000,USA,male,48
Robert B. Wilson,1937,Economic Sciences,2020,10000000,USA,male,83
Robert B. Woodward,1917,Chemistry,1965,282000,USA,male,48
Robert Bárány,1876,Physiology or Medicine,1914,146900,Austria,male,38
Robert C. Merton,1944,Economic Sciences,1997,7500000,USA,male,53
Robert C. Richardson,1937,Physics,1996,7400000,USA,male,59
"Robert Cecil, Viscount Cecil of Chelwood",1864,Peace,1937,158463,United Kingdom,male,73
Robert E. Lucas Jr.,1937,Economic Sciences,1995,7200000,USA,male,58
Robert F. Curl Jr.,1933,Chemistry,1996,7400000,USA,male,63
Robert F. Engle III,1942,Economic Sciences,2003,10000000,USA,male,61
Robert F. Furchgott,1916,Physiology or Medicine,1998,7600000,USA,male,82
Robert G. Edwards,1925,Physiology or Medicine,2010,10000000,United Kingdom,male,85
Robert H. Grubbs,1942,Chemistry,2005,10000000,USA,male,63
Robert Hofstadter,1915,Physics,1961,250233,USA,male,46
Robert Huber,1937,Chemistry,1988,2500000,Germany,male,51
Robert J. Aumann,1930,Economic Sciences,2005,10000000,Germany,male,75
Robert J. Lefkowitz,1943,Chemistry,2012,8000000,USA,male,69
Robert J. Shiller,1946,Economic Sciences,2013,8000000,USA,male,67
Robert Koch,1843,Physiology or Medicine,1905,138089,Germany,male,62
Robert M. Solow,1924,Economic Sciences,1987,2175000,USA,male,63
Robert Mundell,1932,Economic Sciences,1999,7900000,Canada,male,67
Robert S. Mulliken,1896,Chemistry,1966,300000,USA,male,70
Robert Schrieffer,1931,Physics,1972,480000,USA,male,41
Robert W. Fogel,1927,Economic Sciences,1993,6700000,USA,male,66
Robert W. Holley,1922,Physiology or Medicine,1968,350000,USA,male,46
Robert Woodrow Wilson,1936,Physics,1978,725000,USA,male,42
Roderick MacKinnon,1956,Chemistry,2003,10000000,USA,male,47
Rodney R. Porter,1917,Physiology or Medicine,1972,480000,United Kingdom,male,55
Roger B. Myerson,1951,Economic Sciences,2007,10000000,USA,male,56
Roger D. Kornberg,1947,Chemistry,2006,10000000,USA,male,59
Roger Guillemin,1924,Physiology or Medicine,1977,700000,France,male,53
Roger Martin du Gard,1881,Literature,1937,158463,France,male,56
Roger Penrose,1931,Physics,2020,10000000,United Kingdom,male,89
Roger W. Sperry,1913,Physiology or Medicine,1981,1000000,USA,male,68
Roger Y. Tsien,1952,Chemistry,2008,10000000,USA,male,56
Rolf M. Zinkernagel,1944,Physiology or Medicine,1996,7400000,Switzerland,male,52
Romain Rolland,1866,Literature,1915,149223,France,male,49
Ronald G.W. Norrish,1897,Chemistry,1967,320000,United Kingdom,male,70
Ronald H. Coase,1910,Economic Sciences,1991,6000000,United Kingdom,male,81
Ronald Ross,1857,Physiology or Medicine,1902,141847,India,male,45
Rosalyn Yalow,1921,Physiology or Medicine,1977,700000,USA,female,56
Roy J. Glauber,1925,Physics,2005,10000000,USA,male,80
Rudolf Eucken,1846,Literature,1908,139800,East Friesland,male,62
Rudolf Mössbauer,1929,Physics,1961,250233,Germany,male,32
Rudolph A. Marcus,1923,Chemistry,1992,6500000,Canada,male,69
Rudyard Kipling,1865,Literature,1907,138796,British India,male,42
Russell A. Hulse,1950,Physics,1993,6700000,USA,male,43
Ryoji Noyori,1938,Chemistry,2001,10000000,Japan,male,63
Saint-John Perse,1887,Literature,1960,225987,"Guadeloupe, France",male,73
Salvador E. Luria,1912,Physiology or Medicine,1969,375000,Italy,male,57
Salvatore Quasimodo,1901,Literature,1959,220678,Italy,male,58
Samuel Beckett,1906,Literature,1969,375000,Ireland,male,63
Samuel C.C. Ting,1936,Physics,1976,681000,USA,male,40
Santiago Ramón y Cajal,1852,Physiology or Medicine,1906,138536,Spain,male,54
Satoshi Ōmura,1935,Physiology or Medicine,2015,8000000,Japan,male,80
Saul Bellow,1915,Literature,1976,681000,Canada,male,61
Saul Perlmutter,1959,Physics,2011,10000000,USA,male,52
Seamus Heaney,1939,Literature,1995,7200000,Northern Ireland,male,56
Seán MacBride,1904,Peace,1974,550000,France,male,70
Selma Lagerlöf,1858,Literature,1909,139800,Sweden,female,51
Selman A. Waksman,1888,Physiology or Medicine,1952,171135,Russian Empire,male,64
Serge Haroche,1944,Physics,2012,8000000,Morocco,male,68
Severo Ochoa,1905,Physiology or Medicine,1959,220678,Spain,male,54
Sheldon Glashow,1932,Physics,1979,800000,USA,male,47
Shimon Peres,1923,Peace,1994,7000000,Poland,male,71
Shimon Sakaguchi,1951,Physiology or Medicine,2025,11000000,Japan,male,74
Shinya Yamanaka,1962,Physiology or Medicine,2012,8000000,Japan,male,50
Shirin Ebadi,1947,Peace,2003,10000000,Iran,female,56
Shmuel Agnon,1888,Literature,1966,300000,Austria-Hungary,male,78
Shuji Nakamura,1954,Physics,2014,8000000,Japan,male,60
Sidney Altman,1939,Chemistry,1989,3000000,Canada,male,50
Sigrid Undset,1882,Literature,1928,156939,Denmark,female,46
Simon Johnson,1963,Economic Sciences,2024,11000000,United Kingdom,male,61
Simon Kuznets,1901,Economic Sciences,1971,450000,Russian Empire,male,70
Simon van der Meer,1925,Physics,1984,1650000,the Netherlands,male,59
Sin-Itiro Tomonaga,1906,Physics,1965,282000,Japan,male,59
Sinclair Lewis,1885,Literature,1930,172947,USA,male,45
Sir Alexander Fleming,1881,Physiology or Medicine,1945,121333,Scotland,male,64
Sir Arthur Lewis,1915,Economic Sciences,1979,800000,British West Indies,male,64
Sir Austen Chamberlain,1863,Peace,1925,118165,United Kingdom,male,62
Sir Bernard Katz,1911,Physiology or Medicine,1970,400000,Germany,male,59
Sir Chandrasekhara Venkata Raman,1888,Physics,1930,172947,India,male,42
Sir Charles Sherrington,1857,Physiology or Medicine,1932,171753,United Kingdom,male,75
Sir Cyril Hinshelwood,1897,Chemistry,1956,200123,United Kingdom,male,59
Sir Frank Macfarlane Burnet,1899,Physiology or Medicine,1960,225987,Australia,male,61
Sir Frederick Hopkins,1861,Physiology or Medicine,1929,172760,United Kingdom,male,68
Sir Gregory P. Winter,1951,Chemistry,2018,9000000,United Kingdom,male,67
Sir Harold Kroto,1939,Chemistry,1996,7400000,United Kingdom,male,57
Sir Henry Dale,1875,Physiology or Medicine,1936,159850,United Kingdom,male,61
Sir Howard Florey,1898,Physiology or Medicine,1945,121333,Australia,male,47
Sir J. Fraser Stoddart,1942,Chemistry,2016,8000000,United Kingdom,male,74
Sir James W. Black,1924,Physiology or Medicine,1988,2500000,Scotland,male,64
Sir John B. Gurdon,1933,Physiology or Medicine,2012,8000000,United Kingdom,male,79
Sir John Eccles,1903,Physiology or Medicine,1963,265000,Australia,male,60
Sir Martin J. Evans,1941,Physiology or Medicine,2007,10000000,United Kingdom,male,66
Sir Nevill F. Mott,1905,Physics,1977,700000,United Kingdom,male,72
Sir Norman Angell,1872,Peace,1933,170332,United Kingdom,male,61
Sir Paul Nurse,1949,Physiology or Medicine,2001,10000000,United Kingdom,male,52
Sir Peter J. Ratcliffe,1954,Physiology or Medicine,2019,9000000,United Kingdom,male,65
Sir Peter Mansfield,1933,Physiology or Medicine,2003,10000000,United Kingdom,male,70
Sir Robert Robinson,1886,Chemistry,1947,146115,United Kingdom,male,61
Sir William Ramsay,1852,Chemistry,1904,140859,Scotland,male,52
Stanford Moore,1913,Chemistry,1972,480000,USA,male,59
Stanley B. Prusiner,1942,Physiology or Medicine,1997,7500000,USA,male,55
Stanley Cohen,1922,Physiology or Medicine,1986,2000000,USA,male,64
Stefan W. Hell,1962,Chemistry,2014,8000000,Romania,male,52
Steven Chu,1948,Physics,1997,7500000,USA,male,49
Steven Weinberg,1933,Physics,1979,800000,USA,male,46
Subrahmanyan Chandrasekhar,1910,Physics,1983,1500000,India,male,73
Sully Prudhomme,1839,Literature,1901,150782,France,male,62
Sune K. Bergström,1916,Physiology or Medicine,1982,1150000,Sweden,male,66
Susumu Kitagawa,1951,Chemistry,2025,11000000,Japan,male,74
Susumu Tonegawa,1939,Physiology or Medicine,1987,2175000,Japan,male,48
Svante Arrhenius,1859,Chemistry,1903,141358,Sweden,male,44
Svante Pääbo,1955,Physiology or Medicine,2022,10000000,Sweden,male,67
Svetlana Alexievich,1948,Literature,2015,8000000,Ukraine,female,67
Sydney Brenner,1927,Physiology or Medicine,2002,10000000,South Africa,male,75
Syukuro Manabe,1931,Physics,2021,10000000,Japan,male,90
T.S. Eliot,1888,Literature,1948,159773,USA,male,60
Tadeus Reichstein,1897,Physiology or Medicine,1950,164304,Poland,male,53
Takaaki Kajita,1959,Physics,2015,8000000,Japan,male,56
Tasuku Honjo,1942,Physiology or Medicine,2018,9000000,Japan,male,76
Tawakkol Karman,1979,Peace,2011,10000000,Yemen,female,32
The 14th Dalai Lama,1935,Peace,1989,3000000,Tibet,male,54
The Svedberg,1884,Chemistry,1926,116960,Sweden,male,42
Theodor Kocher,1841,Physiology or Medicine,1909,139800,Switzerland,male,68
Theodor Mommsen,1817,Literature,1902,141847,Schleswig,male,85
Theodor W. Hänsch,1941,Physics,2005,10000000,Germany,male,64
Theodore Roosevelt,1858,Peace,1906,138536,USA,male,48
Theodore W. Richards,1868,Chemistry,1914,146900,USA,male,46
Theodore W. Schultz,1902,Economic Sciences,1979,800000,USA,male,77
Thomas A. Steitz,1940,Chemistry,2009,10000000,USA,male,69
Thomas C. Schelling,1921,Economic Sciences,2005,10000000,USA,male,84
Thomas C. Südhof,1955,Physiology or Medicine,2013,8000000,Germany,male,58
Thomas H. Morgan,1866,Physiology or Medicine,1933,170332,USA,male,67
Thomas H. Weller,1915,Physiology or Medicine,1954,181647,USA,male,39
Thomas J. Sargent,1943,Economic Sciences,2011,10000000,USA,male,68
Thomas Mann,1875,Literature,1929,172760,Germany,male,54
Thomas R. Cech,1947,Chemistry,1989,3000000,USA,male,42
Tim Hunt,1943,Physiology or Medicine,2001,10000000,United Kingdom,male,58
Tjalling C. Koopmans,1910,Economic Sciences,1975,630000,the Netherlands,male,65
Tobias Asser,1838,Peace,1911,140695,the Netherlands,male,73
Tomas Lindahl,1938,Chemistry,2015,8000000,Sweden,male,77
Tomas Tranströmer,1931,Literature,2011,10000000,Sweden,male,80
Toni Morrison,1931,Literature,1993,6700000,USA,female,62
Torsten N. Wiesel,1924,Physiology or Medicine,1981,1000000,Sweden,male,57
Toshihide Maskawa,1940,Physics,2008,10000000,Japan,male,68
Trygve Haavelmo,1911,Economic Sciences,1989,3000000,Norway,male,78
Tsung-Dao Lee,1926,Physics,1957,208629,China,male,31
Tu Youyou,1930,Physiology or Medicine,2015,8000000,China,female,85
Ulf von Euler,1905,Physiology or Medicine,1970,400000,Sweden,male,65
NA,NA,Peace,2001,10000000,NA,NA,NA
NA,NA,Peace,1965,282000,NA,NA,NA
NA,NA,Peace,1988,2500000,NA,NA,NA
V. S. Naipaul,1932,Literature,2001,10000000,Trinidad and Tobago,male,69
Val Fitch,1923,Physics,1980,880000,USA,male,57
Venkatraman Ramakrishnan,1952,Chemistry,2009,10000000,India,male,57
Verner von Heidenstam,1859,Literature,1916,131793,Sweden,male,57
Vernon L. Smith,1927,Economic Sciences,2002,10000000,USA,male,75
Vicente Aleixandre,1898,Literature,1977,700000,Spain,male,79
Victor Ambros,1953,Physiology or Medicine,2024,11000000,USA,male,71
Victor F. Hess,1883,Physics,1936,159850,Austria,male,53
Victor Grignard,1871,Chemistry,1912,140476,France,male,41
Vincent du Vigneaud,1901,Chemistry,1955,190214,USA,male,54
Vitaly L. Ginzburg,1916,Physics,2003,10000000,Russia,male,87
Vladimir Prelog,1906,Chemistry,1975,630000,Austria-Hungary,male,69
Walter Gilbert,1932,Chemistry,1980,880000,USA,male,48
Walter H. Brattain,1902,Physics,1956,200123,China,male,54
Walter Hess,1881,Physiology or Medicine,1949,156290,Switzerland,male,68
Walter Kohn,1923,Chemistry,1998,7600000,Austria,male,75
Walther Bothe,1891,Physics,1954,181647,Germany,male,63
Walther Nernst,1864,Chemistry,1920,134100,Prussia,male,56
Wangari Maathai,1940,Peace,2004,10000000,Kenya,female,64
Wassily Leontief,1906,Economic Sciences,1973,510000,Russia,male,67
Wendell M. Stanley,1904,Chemistry,1946,121524,USA,male,42
Werner Arber,1929,Physiology or Medicine,1978,725000,Switzerland,male,49
Werner Forssmann,1904,Physiology or Medicine,1956,200123,Germany,male,52
Werner Heisenberg,1901,Physics,1932,171753,Germany,male,31
Wilhelm Conrad Röntgen,1845,Physics,1901,150782,Prussia,male,56
Wilhelm Ostwald,1853,Chemistry,1909,139800,Russian Empire,male,56
Wilhelm Wien,1864,Physics,1911,140695,Prussia,male,47
Willard F. Libby,1908,Chemistry,1960,225987,USA,male,52
Willard S. Boyle,1924,Physics,2009,10000000,Canada,male,85
Willem Einthoven,1860,Physiology or Medicine,1924,116719,"Java, Dutch East Indies",male,64
William A. Fowler,1911,Physics,1983,1500000,USA,male,72
William B. Shockley,1910,Physics,1956,200123,United Kingdom,male,46
William Bragg,1862,Physics,1915,149223,United Kingdom,male,53
William Butler Yeats,1865,Literature,1923,114935,Ireland,male,58
William C. Campbell,1930,Physiology or Medicine,2015,8000000,Ireland,male,85
William D. Nordhaus,1941,Economic Sciences,2018,9000000,USA,male,77
William D. Phillips,1948,Physics,1997,7500000,USA,male,49
William E. Moerner,1953,Chemistry,2014,8000000,USA,male,61
William F. Giauque,1895,Chemistry,1949,156290,Canada,male,54
William F. Sharpe,1934,Economic Sciences,1990,4000000,USA,male,56
William Faulkner,1897,Literature,1949,156290,USA,male,52
William G. Kaelin Jr,1957,Physiology or Medicine,2019,9000000,USA,male,62
William Golding,1911,Literature,1983,1500000,United Kingdom,male,72
William H. Stein,1911,Chemistry,1972,480000,USA,male,61
William Knowles,1917,Chemistry,2001,10000000,USA,male,84
William Lipscomb,1919,Chemistry,1976,681000,USA,male,57
William P. Murphy,1892,Physiology or Medicine,1934,162608,USA,male,42
William Vickrey,1914,Economic Sciences,1996,7400000,Canada,male,82
Willis E. Lamb,1913,Physics,1955,190214,USA,male,42
Willy Brandt,1913,Peace,1971,450000,Germany,male,58
Winston Churchill,1874,Literature,1953,175293,United Kingdom,male,79
Wisława Szymborska,1923,Literature,1996,7400000,Poland,female,73
Władysław Reymont,1867,Literature,1924,116719,Russian Empire,male,57
Wole Soyinka,1934,Literature,1986,2000000,Nigeria,male,52
Wolfgang Ketterle,1957,Physics,2001,10000000,West Germany,male,44
Wolfgang Paul,1913,Physics,1989,3000000,Germany,male,76
Wolfgang Pauli,1900,Physics,1945,121333,Austria,male,45
Woodrow Wilson,1856,Peace,1919,133127,USA,male,63
NA,NA,Peace,2020,10000000,NA,NA,NA
Yasser Arafat,1929,Peace,1994,7000000,Egypt,male,65
Yasunari Kawabata,1899,Literature,1968,350000,Japan,male,69
Yitzhak Rabin,1922,Peace,1994,7000000,British Mandate of Palestine,male,72
Yoichiro Nambu,1921,Physics,2008,10000000,Japan,male,87
Yoshinori Ohsumi,1945,Physiology or Medicine,2016,8000000,Japan,male,71
Yuan T. Lee,1936,Chemistry,1986,2000000,Taiwan,male,50
Yves Chauvin,1930,Chemistry,2005,10000000,Belgium,male,75
Zhores Alferov,1930,Physics,2000,9000000,USSR,male,70
